labels,announcements
3,1
3,2
0,3
0,5
3,7
3,8
0,9
3,12
3,13
3,14
3,15
0,17
0,18
0,20
3,21
3,22
0,24
3,25
0,26
0,27
3,29
3,30
3,31
3,32
3,33
3,35
3,37
3,38
3,39
3,41
3,42
3,44
0,45
0,46
3,47
3,48
3,49
3,50
3,51
3,52
3,53
0,54
0,55
3,56
0,57
3,58
0,59
3,60
3,61
3,62
3,63
3,64
0,65
3,66
0,68
3,69
3,70
0,71
3,72
3,73
0,74
0,75
3,76
3,78
0,80
3,81
3,82
3,83
3,84
3,85
3,86
3,87
3,88
3,89
0,90
3,91
3,92
0,93
3,94
0,95
3,96
3,97
3,98
0,99
3,100
3,101
3,102
3,104
3,105
3,107
3,108
3,109
0,110
3,111
3,112
3,113
3,114
0,116
3,117
3,118
3,119
3,120
3,123
3,124
3,126
0,127
3,128
3,129
3,130
3,131
3,132
3,133
3,134
0,135
3,136
3,137
3,138
3,139
3,140
3,141
0,142
3,143
0,144
3,145
3,146
3,147
3,148
0,149
3,150
0,151
3,153
3,154
3,155
3,156
0,158
3,159
0,161
3,162
3,163
3,164
0,165
3,168
3,169
0,170
3,172
3,173
3,174
3,175
3,178
3,181
0,182
3,183
3,184
3,185
3,186
3,187
3,188
3,190
0,191
3,192
3,193
3,194
3,195
3,196
3,197
3,198
3,199
3,200
3,201
3,202
3,203
3,204
3,205
3,207
3,208
3,209
3,210
3,211
3,212
3,213
3,214
3,215
3,216
3,217
3,218
3,219
3,220
3,221
3,222
3,223
3,224
3,225
3,226
3,227
3,228
3,229
3,230
3,231
3,232
3,233
3,234
3,235
3,236
3,237
3,238
3,239
3,240
3,241
3,242
3,243
3,244
3,245
3,246
3,247
3,248
3,249
3,250
3,251
3,252
3,253
3,254
3,255
3,256
3,257
3,259
3,260
3,261
3,263
3,264
3,265
3,266
3,267
3,268
3,269
3,270
3,271
3,272
3,273
3,274
3,276
3,277
3,278
3,279
3,280
3,281
3,283
3,284
3,285
3,286
3,287
3,288
3,289
3,291
3,292
3,294
3,295
3,296
3,297
0,298
3,299
3,301
3,302
3,303
3,305
3,306
3,307
3,309
3,310
3,311
3,312
3,313
3,314
3,315
3,316
3,317
3,318
3,319
3,320
3,322
3,323
3,324
3,325
3,327
3,328
3,329
3,331
3,332
3,334
3,335
3,336
3,337
3,338
3,339
3,341
3,342
3,343
3,344
3,345
3,346
3,347
3,348
3,349
3,350
3,351
3,352
3,353
3,354
3,355
3,356
3,358
3,359
3,360
3,361
3,362
3,363
3,364
3,365
3,368
3,369
3,370
3,371
3,372
3,373
3,374
3,375
3,377
3,378
3,379
3,380
3,381
3,382
3,385
3,388
3,389
3,390
3,391
3,392
3,393
3,394
3,395
3,396
3,397
3,398
3,400
3,401
3,402
3,403
3,404
3,405
3,408
3,409
3,411
3,412
3,413
3,414
3,415
3,416
3,417
3,418
3,419
3,420
3,421
3,422
3,423
3,424
3,426
3,428
3,430
0,431
3,432
3,433
3,434
3,435
3,436
3,437
3,438
3,439
3,440
3,441
3,442
3,443
3,444
3,445
3,446
3,447
3,448
3,449
3,450
3,451
3,452
3,453
3,454
3,455
3,456
3,457
3,458
3,459
3,460
3,461
3,462
3,463
3,465
3,466
3,467
3,468
3,469
3,471
3,472
3,473
3,474
3,475
3,476
3,478
3,479
3,480
3,481
3,482
3,483
3,485
3,486
3,487
3,488
3,489
3,490
3,491
3,492
3,494
3,495
3,496
3,497
3,498
3,499
3,500
3,501
3,502
3,504
3,505
3,506
3,507
3,508
3,509
3,510
3,511
3,512
3,513
3,516
3,517
3,518
3,519
3,520
3,521
3,522
3,523
3,524
3,526
3,527
3,528
3,529
3,530
3,531
3,533
3,534
3,535
3,536
3,538
3,539
3,540
3,541
3,542
3,543
3,544
3,545
3,546
3,547
3,548
3,549
3,550
3,551
3,552
3,554
3,555
3,556
3,557
3,558
3,559
3,560
3,561
3,562
3,563
3,564
3,565
3,566
3,567
3,569
3,570
3,571
0,572
3,574
3,575
3,576
3,578
3,579
3,580
3,581
3,582
3,583
3,584
3,586
3,587
3,588
3,589
3,590
3,591
3,593
3,594
3,596
3,597
3,598
3,599
3,600
3,601
3,602
3,603
3,604
3,605
3,606
3,607
3,608
3,609
3,610
3,611
3,612
3,613
3,614
3,615
3,616
3,617
3,618
0,619
3,620
3,621
3,623
3,624
3,625
3,626
3,627
3,628
3,629
3,630
3,631
3,632
3,633
0,634
3,635
3,636
0,637
3,638
3,639
3,640
3,641
3,643
3,645
0,646
3,648
3,649
0,650
0,651
0,652
3,653
3,654
3,655
3,656
3,657
3,658
3,659
3,660
3,661
3,662
3,663
3,664
3,665
3,666
3,667
3,669
3,670
3,671
3,672
3,674
3,675
3,676
3,677
3,678
3,679
3,680
3,681
3,682
3,683
3,684
3,685
3,686
3,687
3,688
3,689
3,690
3,692
3,695
3,697
3,698
3,699
3,700
3,701
3,702
3,704
3,706
3,708
3,709
3,710
3,711
3,713
3,714
3,715
3,716
3,717
3,718
3,720
3,721
3,722
3,723
3,724
3,725
3,726
3,727
3,729
3,730
3,731
3,732
3,733
3,734
3,735
3,736
3,737
3,739
3,740
3,741
3,742
3,743
3,744
3,745
3,747
3,748
3,749
3,750
3,751
3,752
3,753
3,754
3,755
3,756
3,758
3,761
3,762
3,764
3,767
3,768
3,769
3,772
3,773
3,774
3,775
3,776
3,777
3,778
3,779
3,780
3,782
3,788
3,789
3,790
3,791
3,792
0,793
3,794
3,795
3,796
3,798
3,799
3,801
3,802
3,803
3,804
3,805
3,806
3,808
3,809
3,810
3,811
3,812
3,813
3,814
3,815
3,816
3,817
3,818
3,819
3,822
3,823
3,824
3,825
3,826
3,827
3,829
3,830
3,831
3,832
3,833
3,834
3,835
3,836
3,837
3,839
3,840
3,842
3,843
3,845
3,846
3,847
3,848
3,849
3,850
3,852
3,853
3,854
3,855
3,856
3,857
3,858
3,859
3,860
3,861
3,862
3,863
3,864
3,865
3,866
3,867
3,869
3,870
3,872
3,873
3,874
3,875
3,876
3,877
3,878
3,879
3,880
3,881
3,882
3,883
3,884
3,885
3,886
3,887
3,888
3,889
3,890
3,891
3,892
3,893
3,894
3,895
3,896
3,897
3,898
3,900
3,901
3,902
3,903
3,904
3,905
3,906
3,907
3,908
3,909
3,910
3,911
3,912
3,913
3,915
3,916
3,917
3,918
3,919
3,920
3,921
3,922
3,923
3,924
3,926
3,927
3,928
3,930
3,931
3,932
3,934
3,935
3,936
3,937
3,938
3,940
3,941
3,942
3,943
3,944
3,946
3,947
3,948
3,949
3,950
3,951
3,952
3,953
3,954
3,955
3,956
3,957
3,958
3,959
3,960
3,961
3,962
3,964
3,966
3,967
3,968
3,969
3,970
3,971
3,972
3,973
3,974
3,975
3,976
3,980
3,981
3,982
3,984
3,985
3,986
3,987
3,988
3,989
3,990
3,991
3,992
3,994
3,995
3,996
3,997
3,998
3,999
3,1000
3,1001
3,1002
3,1003
3,1004
3,1005
3,1006
3,1007
3,1008
3,1010
3,1011
3,1015
3,1016
3,1017
3,1018
3,1019
3,1020
3,1021
3,1022
3,1023
3,1024
3,1025
3,1026
3,1028
3,1029
3,1031
3,1032
3,1033
3,1034
3,1035
3,1036
3,1037
3,1038
3,1039
3,1040
3,1041
3,1042
3,1043
3,1044
3,1045
3,1046
3,1047
3,1048
3,1049
3,1050
3,1051
3,1052
3,1053
3,1054
3,1055
3,1056
3,1057
3,1059
3,1060
3,1061
3,1062
3,1063
3,1064
3,1065
3,1066
3,1067
3,1068
3,1069
3,1070
3,1071
3,1073
3,1074
3,1075
3,1076
3,1077
3,1078
3,1079
3,1080
3,1081
3,1083
3,1084
3,1085
3,1086
3,1087
3,1088
3,1089
3,1090
3,1091
3,1093
3,1095
3,1096
3,1097
3,1098
3,1099
3,1100
3,1101
3,1102
3,1103
3,1105
3,1106
0,1107
3,1108
3,1109
3,1110
3,1111
3,1112
3,1113
3,1114
3,1116
3,1117
3,1118
3,1119
3,1120
3,1121
3,1122
3,1124
3,1125
3,1127
3,1129
3,1130
3,1131
3,1132
3,1133
3,1134
3,1135
3,1136
3,1137
3,1138
3,1139
3,1140
3,1141
3,1142
3,1143
3,1144
3,1145
3,1146
0,1147
3,1148
3,1149
3,1150
3,1151
3,1152
3,1153
3,1155
3,1156
3,1157
3,1158
3,1159
0,1160
3,1161
3,1162
3,1163
3,1164
3,1165
3,1166
3,1167
3,1168
3,1170
3,1171
3,1172
3,1173
3,1174
3,1175
3,1176
3,1178
3,1179
3,1180
3,1182
3,1183
3,1184
3,1185
3,1186
3,1187
3,1188
3,1190
3,1191
3,1192
3,1194
3,1195
3,1196
3,1197
3,1198
3,1199
3,1200
3,1201
3,1202
3,1203
3,1204
3,1206
3,1207
3,1209
3,1210
3,1211
3,1212
3,1213
3,1214
3,1215
3,1216
3,1217
3,1218
3,1219
3,1220
3,1221
3,1222
3,1223
3,1224
3,1225
3,1226
3,1227
3,1229
3,1230
3,1231
3,1232
3,1233
3,1234
3,1235
3,1236
3,1237
3,1238
3,1239
3,1240
3,1241
3,1242
3,1243
3,1244
3,1245
3,1246
3,1247
3,1248
3,1249
3,1250
3,1251
3,1252
3,1253
3,1254
3,1255
3,1256
3,1257
3,1258
3,1259
3,1260
3,1261
3,1262
3,1264
3,1265
3,1266
3,1267
3,1269
3,1271
3,1272
3,1273
3,1274
3,1275
3,1277
3,1278
3,1279
3,1280
3,1281
3,1282
3,1283
3,1284
3,1285
3,1286
3,1287
3,1288
3,1289
3,1290
3,1291
0,1292
3,1293
3,1294
3,1295
3,1296
3,1297
3,1298
3,1299
3,1300
3,1301
3,1302
3,1303
3,1304
3,1306
3,1307
3,1308
3,1309
0,1310
3,1311
3,1312
3,1313
3,1314
3,1316
3,1317
3,1318
3,1319
3,1320
3,1321
3,1322
3,1323
3,1324
3,1325
3,1326
3,1327
3,1328
3,1329
3,1330
3,1333
3,1334
3,1335
3,1336
3,1337
3,1338
3,1339
3,1340
3,1341
3,1342
3,1344
3,1345
3,1346
3,1347
3,1348
3,1349
3,1350
3,1351
3,1352
3,1353
3,1354
3,1355
3,1356
3,1357
3,1358
3,1359
3,1360
3,1361
3,1362
3,1363
3,1364
3,1365
3,1366
3,1368
3,1369
3,1370
3,1371
3,1372
3,1373
3,1374
3,1375
3,1376
3,1377
3,1378
3,1379
3,1380
3,1381
3,1382
3,1383
3,1384
3,1385
3,1386
3,1387
3,1388
3,1389
3,1390
3,1391
3,1392
3,1394
3,1395
3,1396
3,1397
3,1398
3,1399
0,1401
3,1402
3,1403
3,1404
3,1405
3,1406
3,1407
3,1408
3,1409
3,1410
3,1411
3,1412
3,1414
3,1415
3,1416
3,1417
3,1418
3,1419
3,1420
3,1421
3,1422
3,1423
3,1424
3,1425
3,1426
3,1427
3,1428
3,1429
3,1430
3,1431
3,1432
3,1433
3,1434
3,1435
3,1436
3,1437
3,1438
3,1439
3,1440
3,1441
3,1442
3,1443
3,1444
3,1445
3,1446
3,1447
3,1448
3,1449
3,1450
3,1451
3,1452
3,1453
3,1454
3,1455
3,1456
3,1457
3,1458
3,1459
3,1460
3,1461
3,1462
3,1463
3,1464
3,1465
3,1466
3,1467
3,1468
3,1469
3,1470
3,1471
3,1472
3,1473
3,1474
3,1475
3,1476
3,1477
3,1478
3,1479
3,1480
3,1481
3,1482
3,1483
3,1484
3,1485
3,1486
3,1487
0,1488
3,1489
3,1490
3,1491
3,1492
3,1493
3,1494
3,1495
3,1496
3,1497
3,1498
3,1499
3,1500
3,1501
3,1502
3,1504
3,1505
3,1507
3,1508
3,1509
3,1510
3,1511
3,1512
3,1513
3,1514
3,1515
3,1516
3,1517
3,1518
3,1519
3,1520
3,1521
3,1522
3,1523
3,1524
3,1525
3,1526
3,1527
0,1528
3,1529
3,1530
3,1531
3,1532
3,1533
3,1534
3,1535
3,1536
3,1537
3,1538
3,1539
3,1540
3,1541
3,1542
3,1543
3,1544
3,1545
3,1546
3,1547
3,1548
3,1549
3,1550
3,1551
3,1552
3,1553
3,1554
3,1555
3,1556
3,1557
3,1558
3,1559
3,1560
3,1561
3,1562
3,1563
3,1564
3,1565
3,1566
3,1567
3,1568
3,1569
3,1571
3,1572
3,1573
3,1574
3,1575
3,1576
3,1577
3,1578
3,1579
3,1580
3,1581
3,1582
3,1583
3,1584
3,1585
3,1586
3,1587
3,1588
0,1589
3,1590
3,1591
3,1592
3,1593
3,1594
3,1595
3,1596
3,1597
3,1598
3,1599
3,1600
3,1601
3,1602
3,1604
3,1605
3,1606
3,1607
3,1608
3,1609
3,1610
3,1611
3,1612
3,1613
3,1614
3,1615
3,1616
3,1617
3,1618
3,1619
3,1620
3,1621
3,1622
3,1623
3,1624
3,1625
3,1626
3,1627
3,1628
3,1629
3,1630
3,1631
3,1632
3,1633
3,1634
3,1635
3,1636
3,1637
3,1638
3,1639
3,1640
3,1642
3,1643
3,1644
3,1646
3,1647
3,1648
3,1650
3,1651
3,1652
3,1653
3,1654
3,1655
3,1656
3,1657
3,1658
3,1659
3,1660
3,1661
3,1662
3,1663
3,1664
3,1665
3,1666
3,1667
3,1668
3,1669
3,1670
3,1671
3,1672
3,1673
3,1674
3,1675
3,1676
3,1677
3,1678
3,1679
3,1680
3,1681
3,1682
3,1683
3,1684
3,1685
3,2535
3,2536
3,2537
3,2538
3,2539
3,2540
3,2541
3,2542
3,2543
3,2544
3,2545
3,2546
3,2547
3,2548
3,2549
3,2550
3,2551
3,2552
3,2554
3,2555
3,2556
3,2557
3,2558
3,2559
3,2561
3,2562
3,2563
3,2564
3,2565
3,2566
3,2567
3,2568
3,2569
3,2570
3,2571
3,2572
3,2573
3,2574
3,2575
3,2576
3,2577
3,2578
3,2579
3,2580
3,2581
3,2582
3,2583
3,2584
3,2586
3,2587
3,2588
3,2589
3,2590
3,2591
3,2592
3,2593
3,2594
3,2595
3,2597
3,2599
3,2600
3,2601
3,2602
3,2603
3,2604
3,2605
3,2607
3,2608
3,2609
3,2610
3,2611
3,2612
3,2613
3,2614
3,2616
3,2617
3,2618
3,2619
3,2620
3,2621
3,2623
3,2624
3,2625
3,2627
3,2628
3,2629
3,2630
3,2631
3,2632
3,2633
3,2634
3,2635
3,2636
3,2637
3,2638
3,2639
3,2640
3,2641
3,2642
3,2643
0,2644
3,2645
3,2646
0,2647
3,2648
3,2649
3,2650
3,2651
3,2652
3,2653
3,2654
3,2655
3,2656
3,2657
3,2660
3,2661
3,2663
3,2664
3,2665
3,2666
3,2667
3,2668
3,2669
3,2670
3,2672
0,2673
3,2674
3,2675
3,2676
3,2678
3,2679
3,2680
3,2681
3,2683
3,2684
3,2686
3,2687
3,2688
3,2689
3,2690
3,2691
3,2692
0,2693
3,2694
3,2695
3,2696
3,2697
3,2698
3,2699
3,2700
3,2701
3,2702
3,2703
3,2704
3,2705
3,2706
3,2707
3,2708
3,2711
3,2712
0,2713
3,2714
3,2715
3,2716
3,2717
3,2718
3,2720
0,2721
3,2722
3,2723
3,2724
3,2725
3,2726
3,2727
3,2728
3,2731
3,2732
3,2733
3,2734
3,2735
3,2736
3,2737
3,2738
3,2739
3,2740
3,2741
3,2742
3,2743
3,2744
3,2745
3,2746
3,2747
3,2748
3,2749
3,2750
3,2751
3,2752
3,2753
3,2754
3,2755
3,2756
3,2757
3,2758
3,2759
3,2760
3,2761
3,2762
3,2763
3,2766
3,2767
3,2768
3,2769
3,2770
3,2771
3,2772
3,2773
3,2774
3,2775
3,2776
3,2777
3,2778
3,2779
3,2780
0,2781
3,2782
3,2783
3,2784
3,2785
3,2786
3,2787
3,2788
3,2789
0,2790
3,2791
3,2792
3,2793
3,2794
3,2795
3,2796
3,2797
3,2798
3,2799
3,2800
0,2801
3,2802
3,2803
3,2804
3,2806
3,2807
3,2808
3,2809
3,2810
3,2811
3,2812
3,2813
3,2814
3,2815
3,2817
3,2818
3,2819
3,2820
3,2821
3,2823
3,2824
3,2825
3,2826
3,2827
3,2829
3,2831
3,2832
3,2833
3,2834
3,2835
3,2836
0,2837
3,2838
3,2839
3,2840
3,2841
3,2842
3,2844
0,2845
3,2846
3,2847
3,2848
3,2849
3,2850
0,2851
3,2852
3,2853
3,2854
3,2855
3,2856
3,2857
3,2858
3,2859
3,2860
3,2861
3,2862
3,2863
3,2864
3,2865
3,2866
3,2867
3,2868
3,2869
3,2870
3,2871
3,2872
3,2873
3,2874
3,2875
3,2876
3,2877
3,2878
3,2880
3,2881
3,2882
3,2883
3,2884
3,2886
3,2887
3,2888
3,2889
3,2890
3,2891
3,2892
3,2893
3,2895
3,2896
3,2897
3,2898
3,2899
3,2900
3,2901
3,2902
3,2903
3,2906
3,2907
3,2908
3,2909
3,2910
3,2911
3,2912
3,2913
3,2914
3,2915
3,2916
3,2917
3,2918
3,2919
3,2920
3,2921
3,2922
3,2923
3,2924
3,2925
3,2926
3,2927
3,2928
0,2929
3,2930
3,2931
3,2933
3,2934
3,2935
3,2936
3,2937
3,2938
3,2939
3,2940
3,2941
3,2942
3,2943
3,2944
3,2945
3,2946
3,2947
3,2948
3,2949
3,2951
3,2952
3,2953
3,2954
3,2955
3,2956
3,2957
3,2960
0,2961
3,2962
3,2963
3,2964
3,2965
3,2966
3,2967
3,2968
3,2969
3,2970
3,2971
3,2972
3,2973
3,2974
3,2975
3,2976
3,2977
3,2978
3,2979
3,2980
3,2981
3,2982
3,2983
3,2984
3,2985
3,2986
3,2987
3,2988
3,2990
3,2991
3,2992
3,2993
3,2994
3,2995
3,2996
3,2997
3,2998
3,2999
3,3000
3,3001
3,3003
3,3004
3,3005
3,3006
3,3007
3,3008
3,3009
3,3010
3,3011
3,3012
3,3013
3,3014
3,3015
3,3016
3,3017
3,3018
3,3019
3,3020
3,3021
3,3022
3,3023
3,3024
3,3025
3,3026
3,3027
3,3028
3,3029
3,3030
3,3031
3,3032
3,3033
3,3034
3,3035
3,3036
3,3037
3,3038
3,3039
3,3040
3,3041
3,3042
3,3043
3,3044
3,3045
3,3046
3,3048
0,3049
3,3050
3,3051
3,3052
3,3053
3,3054
3,3055
3,3056
3,3057
3,3058
3,3059
3,3060
3,3061
3,3063
3,3064
3,3065
3,3067
3,3069
3,3070
3,3071
3,3072
3,3073
3,3074
3,3075
3,3076
3,3077
3,3078
3,3079
3,3080
0,3081
3,3082
3,3083
3,3084
3,3086
3,3087
3,3088
3,3089
3,3090
3,3091
3,3092
3,3093
3,3094
3,3095
3,3096
3,3097
3,3098
3,3099
3,3100
3,3101
3,3102
3,3103
3,3104
3,3105
3,3106
3,3107
3,3108
3,3109
3,3110
3,3111
3,3113
3,3114
3,3115
3,3116
3,3117
3,3118
3,3119
3,3120
3,3121
3,3122
3,3123
3,3124
3,3125
3,3126
3,3127
3,3128
3,3129
3,3130
3,3131
3,3132
3,3133
3,3135
3,3136
3,3137
3,3138
3,3139
3,3140
3,3141
3,3142
3,3144
3,3145
3,3146
3,3147
3,3148
3,3149
3,3150
3,3151
3,3152
3,3153
3,3154
3,3155
3,3156
3,3157
3,3158
3,3159
3,3161
3,3162
3,3163
3,3165
3,3166
3,3167
3,3168
3,3169
3,3170
3,3171
3,3173
3,3174
3,3175
3,3176
3,3177
3,3178
3,3179
3,3180
3,3181
3,3182
3,3183
3,3184
3,3185
3,3186
3,3187
3,3188
3,3189
3,3190
3,3193
3,3194
3,3195
3,3197
3,3198
3,3199
3,3200
3,3201
3,3202
3,3203
3,3204
3,3205
3,3206
3,3207
3,3208
3,3209
3,3210
3,3211
3,3212
3,3213
3,3214
3,3215
3,3216
3,3217
3,3218
3,3219
3,3220
3,3223
3,3224
3,3225
3,3226
3,3227
3,3229
3,3230
3,3231
3,3232
3,3233
3,3234
3,3235
3,3236
3,3237
3,3238
3,3239
3,3241
3,3242
3,3243
3,3244
3,3245
3,3246
3,3247
3,3248
3,3249
3,3250
3,3251
3,3252
3,3253
3,3255
3,3256
3,3257
3,3258
3,3259
3,3260
3,3261
3,3262
3,3263
3,3264
3,3265
3,3266
3,3267
3,3268
3,3269
3,3270
3,3271
3,3272
3,3273
3,3274
3,3275
3,3276
3,3277
3,3279
3,3280
3,3281
3,3282
3,3283
3,3286
3,3287
3,3288
3,3289
3,3290
3,3291
3,3292
3,3293
3,3294
3,3296
3,3297
3,3298
3,3300
3,3301
3,3302
3,3303
3,3304
3,3305
3,3306
3,3307
3,3308
3,3309
3,3310
3,3311
3,3312
3,3313
3,3314
3,3315
3,3316
3,3317
3,3318
3,3319
3,3321
3,3324
3,3325
3,3326
3,3327
3,3328
3,3329
3,3330
3,3332
3,3333
3,3334
3,3335
3,3337
3,3338
3,3339
3,3340
3,3341
3,3342
3,3343
3,3344
3,3345
3,3347
3,3349
3,3350
3,3351
3,3352
3,3353
3,3354
0,3355
3,3356
3,3357
3,3358
3,3360
3,3361
3,3362
3,3363
3,3364
3,3365
3,3366
3,3367
3,3371
3,3372
3,3373
3,3374
3,3375
3,3376
3,3377
3,3378
3,3379
3,3380
3,3381
3,3382
3,3383
3,3384
3,3385
3,3386
3,3389
3,3390
3,3391
3,3392
3,3393
3,3394
3,3395
3,3396
3,3397
3,3398
3,3399
3,3400
3,3401
3,3402
3,3404
3,3405
3,3406
3,3407
3,3408
3,3409
3,3411
3,3412
3,3413
3,3415
3,3416
3,3417
3,3418
3,3419
3,3421
3,3422
3,3423
3,3424
3,3425
3,3426
3,3427
3,3428
3,3429
3,3430
3,3431
3,3432
3,3433
3,3434
3,3435
3,3436
3,3437
3,3438
3,3440
3,3441
3,3442
3,3443
3,3444
3,3445
3,3446
3,3447
3,3448
3,3449
3,3450
3,3451
3,3452
3,3453
3,3454
3,3455
3,3456
3,3457
3,3458
3,3459
3,3460
3,3461
3,3463
3,3464
3,3465
3,3466
3,3468
3,3469
3,3470
3,3471
3,3472
3,3474
3,3475
3,3476
3,3477
3,3478
3,3479
3,3480
3,3481
3,3482
3,3483
3,3484
3,3485
3,3486
3,3487
3,3488
3,3489
3,3490
3,3491
3,3492
3,3495
3,3496
3,3497
3,3498
3,3499
3,3500
3,3501
3,3502
3,3503
3,3504
3,3505
3,3506
3,3507
3,3508
3,3509
3,3510
3,3511
3,3512
3,3513
3,3514
3,3515
3,3516
3,3517
3,3518
3,3519
3,3520
3,3521
3,3522
3,3523
3,3524
3,3525
3,3526
3,3527
3,3528
3,3529
3,3530
3,3531
3,3532
3,3533
3,3534
3,3535
3,3536
3,3538
3,3539
3,3540
3,3541
3,3542
3,3543
3,3544
3,3545
3,3546
3,3547
3,3548
3,3549
3,3550
3,3551
3,3552
3,3554
3,3555
3,3556
3,3557
3,3558
3,3559
3,3560
3,3561
3,3562
3,3563
3,3564
3,3566
3,3567
3,3568
3,3569
3,3570
3,3571
3,3572
3,3573
3,3574
3,3575
3,3576
3,3578
3,3579
3,3580
3,3581
3,3582
3,3583
3,3584
3,3585
3,3586
3,3587
3,3588
3,3589
3,3590
0,3591
3,3592
3,3593
3,3594
3,3595
3,3596
3,3597
3,3598
3,3599
3,3600
3,3601
3,3602
3,3603
3,3604
3,3605
3,3606
3,3607
3,3608
3,3609
3,3610
3,3611
3,3612
3,3613
3,3614
3,3615
3,3616
3,3617
3,3618
3,3619
3,3620
3,3621
3,3622
3,3623
3,3625
3,3626
3,3627
3,3629
3,3630
3,3631
3,3633
3,3634
3,3635
3,3636
3,3637
3,3638
3,3640
3,3641
3,3642
3,3644
3,3645
3,3646
3,3648
3,3649
3,3650
3,3651
3,3652
3,3653
3,3654
3,3655
3,3656
3,3657
3,3658
3,3661
3,3662
3,3663
3,3664
3,3665
3,3666
3,3667
3,3668
3,3669
3,3670
3,3671
3,3673
3,3674
3,3676
3,3677
3,3678
3,3679
0,3681
3,3682
3,3683
3,3684
3,3685
3,3686
3,3687
3,3688
3,3689
3,3690
3,3691
3,3692
3,3693
3,3694
3,3695
3,3696
3,3697
3,3698
3,3699
3,3700
3,3701
3,3703
3,3704
3,3705
3,3706
3,3707
3,3708
3,3709
0,3710
3,3711
3,3712
3,3713
3,3714
3,3715
3,3716
3,3717
3,3718
0,3719
3,3720
3,3721
0,3722
3,3723
3,3724
3,3725
3,3726
3,3727
3,3728
3,3730
3,3732
3,3733
3,3735
3,3736
3,3737
3,3738
3,3739
3,3740
3,3741
3,3742
3,3743
3,3744
3,3745
3,3746
3,3748
3,3749
0,3750
3,3752
3,3753
3,3754
3,3756
3,3757
3,3758
3,3759
3,3760
3,3761
3,3762
3,3763
3,3764
3,3765
3,3766
3,3767
3,3768
3,3769
3,3770
3,3771
3,3772
3,3773
3,3774
3,3775
3,3776
3,3778
3,3780
3,3781
3,3782
3,3783
3,3784
3,3785
3,3787
3,3788
3,3789
3,3790
0,3791
3,3792
3,3793
3,3794
3,3795
3,3796
3,3797
3,3798
3,3799
3,3800
3,3801
3,3802
3,3803
3,3804
3,3805
3,3806
3,3807
3,3808
3,3809
3,3810
3,3811
3,3813
3,3814
3,3815
3,3816
3,3817
3,3818
3,3819
3,3820
3,3821
3,3822
3,3823
3,3824
3,3825
3,3826
3,3827
3,3828
3,3829
3,3830
3,3831
3,3832
3,3833
3,3834
3,3835
3,3836
3,3837
3,3838
3,3839
3,3840
3,3841
3,3843
3,3844
3,3845
3,3846
3,3847
3,3848
3,3850
3,3851
3,3852
3,3853
3,3854
3,3855
3,3856
3,3858
3,3859
3,3860
3,3861
3,3862
3,3863
3,3864
3,3865
3,3866
3,3867
3,3868
3,3869
3,3870
3,3871
3,3872
3,3875
3,3876
3,3877
3,3878
3,3879
3,3880
3,3881
3,3882
3,3883
3,3884
3,3885
3,3886
3,3887
3,3888
3,3889
3,3890
3,3891
3,3892
3,3893
3,3894
0,3895
3,3896
3,3897
3,3898
3,3899
3,3900
3,3901
3,3902
3,3904
3,3905
3,3906
3,3907
3,3908
3,3909
3,3910
3,3911
3,3912
3,3913
3,3914
3,3915
3,3916
3,3917
3,3918
3,3920
3,3921
3,3922
3,3923
3,3924
3,3925
3,3926
3,3927
3,3928
3,3929
3,3930
3,3931
3,3932
3,3933
3,3934
3,3935
3,3936
3,3937
3,3939
3,3940
3,3941
3,3942
3,3943
3,3944
3,3945
3,3946
3,3947
3,3948
3,3949
3,3950
3,3951
3,3952
3,3953
3,3954
3,3955
3,3956
3,3957
3,3958
3,3959
3,3960
3,3961
3,3962
3,3963
3,3964
3,3965
3,3966
3,3967
3,3969
3,3970
3,3971
3,3972
3,3975
3,3976
3,3977
3,3978
3,3979
3,3980
3,3981
3,3982
3,3983
3,3985
3,3986
3,3987
3,3988
3,3989
3,3990
3,3991
3,3992
3,3993
3,3994
3,3995
3,3996
3,3997
3,3998
3,3999
3,4000
3,4002
3,4003
3,4004
3,4005
3,4007
3,4008
3,4009
3,4010
3,4011
3,4013
3,4014
3,4016
3,4017
3,4018
3,4019
3,4020
3,4021
3,4022
3,4023
3,4024
3,4025
3,4027
3,4028
3,4029
3,4030
3,4031
3,4032
3,4033
3,4034
3,4035
3,4036
3,4037
3,4039
3,4040
3,4041
3,4042
3,4043
3,4044
3,4045
3,4046
3,4047
3,4048
3,4049
3,4050
3,4051
3,4052
3,4053
3,4054
3,4055
3,4056
3,4058
3,4059
3,4060
3,4061
3,4063
3,4064
3,4065
3,4066
3,4067
3,4068
3,4069
3,4071
3,4072
3,4073
3,4075
3,4077
3,4078
3,4079
3,4080
3,4081
3,4082
3,4083
3,4085
3,4086
3,4087
3,4088
3,4089
3,4090
3,4091
3,4092
3,4093
3,4095
3,4098
3,4099
3,4100
3,4101
3,4102
3,4103
3,4104
3,4105
3,4106
3,4107
3,4108
3,4109
3,4110
3,4112
3,4113
3,4114
3,4115
3,4116
3,4117
3,4118
3,4119
3,4120
3,4121
3,4122
3,4123
3,4124
3,4125
3,4127
3,4128
3,4129
3,4130
3,4131
3,4132
3,4133
3,4134
3,4136
3,4137
3,4138
3,4139
0,4140
3,4141
3,4142
3,4143
3,4144
3,4145
3,4146
3,4147
3,4148
3,4149
3,4150
3,4151
3,4152
3,4153
3,4154
3,4155
3,4156
3,4158
3,4159
3,4160
3,4161
3,4162
3,4163
3,4164
3,4165
3,4166
3,4167
3,4168
3,4169
3,4170
3,4171
3,4172
3,4173
3,4174
3,4175
3,4176
3,4177
3,4179
3,4180
3,4181
3,4182
3,4183
3,4184
3,4185
3,4188
3,4189
3,4190
3,4191
3,4192
3,4193
3,4195
3,4196
3,4197
3,4198
3,4199
3,4200
3,4202
3,4203
3,4204
3,4205
3,4206
3,4207
3,4208
3,4209
3,4210
3,4211
3,4212
3,4214
3,4215
3,4216
3,4217
3,4218
3,4219
3,4220
3,4221
3,4222
3,4223
3,4224
3,4225
3,4226
3,4227
3,4228
3,4229
3,4230
3,4233
3,4234
3,4235
3,4236
3,4237
3,4238
3,4239
3,4240
3,4241
3,4242
3,4243
3,4244
3,4245
3,4247
3,4248
3,4250
3,4251
3,4253
3,4254
3,4255
3,4256
3,4257
3,4258
3,4259
3,4260
3,4261
3,4262
3,4263
3,4264
3,4265
3,4266
3,4267
3,4268
3,4269
3,4270
3,4271
3,4272
3,4273
3,4274
3,4275
3,4276
3,4277
3,4278
3,4280
3,4281
3,4282
3,4283
3,4284
3,4286
3,4287
3,4288
3,4289
3,4290
3,4291
3,4292
3,4293
3,4294
3,4295
3,4296
3,4297
3,4298
3,4299
3,4300
3,4303
3,4305
3,4306
3,4307
3,4308
3,4309
3,4310
3,4311
3,4312
3,4313
3,4314
3,4316
3,4317
3,4318
3,4319
3,4321
3,4323
3,4324
3,4325
3,4326
3,4327
3,4328
3,4329
3,4331
3,4332
3,4333
3,4334
3,4335
3,4336
3,4337
3,4338
3,4339
3,4341
3,4342
3,4343
3,4344
3,4345
3,4347
3,4348
3,4349
3,4350
3,4352
3,4353
3,4354
3,4356
3,4357
3,4359
3,4360
3,4361
3,4362
3,4363
3,4364
3,4366
3,4367
3,4369
3,4370
3,4372
3,4373
3,4374
3,4375
3,4377
3,4378
3,4379
3,4381
3,4382
3,4383
3,4384
3,4385
3,4386
3,4387
3,4388
3,4389
3,4391
3,4392
3,4393
3,4394
3,4396
3,4397
3,4398
3,4399
3,4400
3,4401
3,4402
3,4403
3,4404
3,4405
3,4407
3,4408
3,4409
3,4410
3,4411
3,4412
3,4414
3,4415
3,4417
3,4418
3,4419
3,4420
3,4421
3,4422
3,4423
3,4424
3,4425
3,4426
3,4427
3,4428
3,4429
3,4430
3,4431
3,4432
3,4433
3,4435
3,4436
3,4437
3,4439
3,4440
3,4441
3,4442
3,4443
3,4444
3,4445
3,4446
3,4447
3,4448
3,4449
3,4450
3,4452
3,4453
3,4454
3,4455
3,4457
3,4458
3,4459
3,4460
3,4462
3,4463
3,4465
3,4466
3,4468
3,4469
3,4470
3,4472
3,4473
3,4474
3,4475
3,4476
3,4477
3,4478
3,4480
3,4481
3,4482
3,4483
3,4485
3,4486
3,4487
3,4488
3,4489
3,4490
3,4491
3,4492
3,4493
3,4496
3,4497
3,4498
3,4499
3,4500
3,4501
3,4502
3,4503
3,4504
3,4505
3,4506
3,4507
3,4508
3,4509
3,4510
3,4511
3,4512
3,4513
3,4514
3,4515
3,4516
3,4517
3,4518
3,4519
3,4520
3,4521
3,4526
3,4527
3,4528
3,4529
3,4531
3,4532
3,4533
3,4536
3,4537
3,4539
3,4540
3,4541
3,4542
3,4543
3,4544
3,4545
3,4546
3,4547
3,4548
3,4549
3,4550
3,4551
3,4553
3,4554
3,4555
3,4556
3,4558
3,4559
3,4560
3,4561
3,4562
3,4563
3,4564
3,4565
3,4566
3,4567
3,4568
3,4569
3,4570
3,4571
3,4572
3,4573
3,4576
3,4577
3,4578
3,4579
3,4581
3,4582
3,4583
3,4585
3,4586
3,4587
3,4589
3,4590
3,4592
3,4593
3,4594
3,4595
3,4596
3,4597
3,4598
3,4599
3,4600
3,4601
3,4602
3,4603
3,4604
3,4605
3,4606
3,4607
3,4608
3,4610
3,4611
3,4612
3,4613
3,4614
3,4615
3,4617
3,4618
3,4619
3,4620
3,4621
3,4622
3,4623
3,4625
3,4626
3,4628
3,4629
3,4630
3,4631
3,4633
3,4634
3,4635
3,4636
3,4637
3,4638
3,4640
3,4641
3,4642
3,4643
3,4644
3,4645
3,4646
3,4647
3,4648
3,4649
3,4650
3,4651
3,4652
3,4653
3,4654
3,4655
3,4656
3,4657
3,4658
3,4659
0,4660
3,4661
3,4662
3,4663
3,4664
3,4666
3,4667
3,4668
3,4669
3,4670
3,4671
3,4675
3,4678
3,4679
3,4680
3,4682
3,4684
3,4691
3,4692
3,4695
3,4696
3,4699
3,4701
0,4738
0,4739
3,4740
3,4741
3,4742
3,4743
3,4744
3,4745
3,4746
3,4747
3,4748
3,4749
3,4750
3,4751
3,4752
3,4753
3,4755
3,4756
3,4758
3,4759
0,4760
3,4761
3,4762
3,4764
3,4765
3,4766
3,4767
3,4768
3,4769
3,4770
3,4771
3,4772
3,4773
3,4774
3,4775
3,4777
3,4778
3,4779
3,4781
3,4784
3,4785
3,4787
3,4788
3,4789
3,4790
3,4791
3,4793
3,4794
3,4795
3,4796
3,4797
3,4798
3,4799
3,4800
3,4801
3,4802
3,4803
3,4804
3,4805
3,4806
3,4807
3,4808
3,4809
3,4810
3,4811
3,4813
3,4814
3,4815
3,4816
3,4817
3,4818
3,4819
3,4820
3,4821
3,4822
3,4823
3,4824
3,4825
3,4826
3,4827
3,4828
3,4829
3,4830
3,4831
3,4832
3,4833
3,4834
3,4835
3,4836
3,4837
3,4838
3,4839
3,4840
3,4841
3,4842
3,4843
3,4844
3,4846
3,4847
3,4849
3,4850
3,4851
3,4852
3,4853
3,4854
3,4855
3,4856
3,4857
3,4858
3,4860
3,4861
3,4862
3,4863
3,4864
3,4865
3,4867
3,4868
3,4869
3,4870
3,4873
3,4874
3,4875
3,4877
3,4878
3,4879
3,4880
3,4881
3,4882
3,4883
3,4884
3,4885
3,4886
3,4887
3,4888
3,4889
3,4890
3,4891
3,4892
3,4893
3,4894
3,4895
3,4897
3,4898
3,4899
3,4900
3,4901
3,4903
3,4904
3,4905
3,4906
3,4907
3,4908
3,4909
3,4911
3,4912
3,4913
3,4914
3,4916
3,4917
3,4918
3,4919
3,4920
3,4921
3,4922
3,4923
3,4925
3,4926
3,4927
3,4928
3,4929
3,4930
3,4931
3,4932
3,4933
3,4934
3,4935
3,4936
3,4937
3,4938
3,4939
3,4940
3,4941
3,4942
3,4943
3,4944
3,4945
3,4946
3,4947
3,4948
3,4949
3,4950
3,4951
3,4952
3,4953
3,4954
3,4956
3,4957
3,4958
3,4959
3,4960
3,4964
3,4965
3,4966
3,4967
3,4968
3,4969
3,4970
3,4971
3,4972
3,4973
3,4974
3,4975
3,4976
3,4977
3,4978
3,4979
3,4980
3,4981
3,4982
3,4983
3,4984
3,4985
3,4986
3,4987
3,4988
3,4989
3,4990
3,4991
3,4992
3,4993
3,4994
3,4996
3,4997
3,4998
3,4999
3,5000
3,5001
3,5002
3,5003
3,5004
3,5005
3,5006
3,5007
3,5008
3,5009
3,5010
3,5011
3,5013
3,5014
3,5015
3,5016
3,5017
3,5018
3,5019
3,5020
3,5021
3,5023
3,5025
3,5027
3,5028
3,5029
3,5030
3,5031
3,5032
3,5033
3,5034
3,5035
3,5036
3,5037
3,5038
3,5039
3,5040
3,5041
3,5042
3,5043
3,5044
3,5045
3,5046
3,5047
3,5048
3,5049
3,5050
3,5051
3,5052
3,5053
3,5054
3,5056
3,5057
3,5058
3,5059
3,5060
3,5061
3,5062
3,5063
3,5065
3,5066
3,5067
3,5068
3,5069
3,5070
3,5071
3,5072
3,5073
3,5074
3,5075
3,5076
0,5077
0,5078
3,5079
0,5080
3,5081
3,5084
3,5086
3,5087
3,5088
3,5089
3,5090
3,5091
3,5092
3,5093
3,5094
3,5095
3,5096
3,5097
3,5098
3,5099
3,5100
3,5101
3,5102
3,5103
3,5104
3,5105
3,5106
3,5107
3,5108
3,5109
3,5111
3,5112
3,5113
3,5114
3,5115
3,5116
3,5117
3,5118
3,5119
3,5120
3,5121
3,5122
3,5123
3,5124
3,5125
3,5126
3,5127
3,5128
3,5129
3,5130
3,5131
3,5133
3,5134
3,5135
3,5136
3,5137
3,5138
3,5139
3,5140
3,5141
3,5142
3,5143
3,5144
3,5145
3,5146
3,5147
3,5148
3,5149
3,5150
3,5151
3,5152
3,5153
3,5154
3,5155
3,5157
3,5158
3,5160
3,5161
3,5162
3,5163
3,5164
3,5165
3,5166
3,5167
3,5168
3,5169
3,5170
3,5171
3,5172
3,5173
3,5174
3,5175
3,5176
3,5177
3,5178
3,5180
3,5181
3,5182
3,5183
3,5184
3,5185
3,5186
3,5187
3,5188
3,5190
3,5191
3,5192
3,5193
3,5194
3,5195
3,5196
3,5198
3,5199
3,5201
3,5202
3,5203
3,5206
3,5207
3,5208
3,5209
3,5210
3,5211
3,5213
3,5214
3,5215
3,5216
3,5217
3,5219
3,5222
3,5224
3,5225
3,5228
3,5229
3,5231
3,5232
3,5233
3,5234
3,5235
3,5236
3,5237
3,5238
3,5239
3,5241
3,5242
3,5243
3,5244
3,5245
3,5247
3,5248
3,5249
3,5250
3,5251
3,5252
3,5253
3,5254
3,5255
3,5256
3,5257
3,5258
3,5259
3,5261
3,5262
3,5263
3,5265
3,5266
3,5267
3,5269
3,5270
3,5271
3,5272
3,5273
3,5274
3,5275
3,5276
3,5277
3,5278
3,5280
3,5281
3,5283
3,5284
3,5285
3,5286
3,5287
3,5288
3,5289
3,5290
3,5292
3,5293
3,5294
3,5295
3,5296
3,5297
3,5298
3,5299
3,5300
3,5301
3,5302
3,5303
3,5304
3,5305
3,5307
3,5308
3,5309
3,5310
3,5311
3,5312
3,5313
3,5314
3,5315
3,5316
3,5317
3,5318
3,5319
3,5320
3,5321
3,5322
3,5323
3,5324
3,5325
3,5326
3,5328
3,5329
3,5330
3,5332
3,5333
3,5334
3,5335
3,5336
3,5337
3,5338
3,5339
3,5340
3,5341
3,5342
3,5343
3,5344
3,5345
3,5346
3,5347
3,5348
3,5349
3,5350
3,5351
3,5352
3,5353
3,5354
3,5355
3,5356
3,5357
3,5358
3,5359
3,5360
3,5361
3,5362
3,5363
3,5364
3,5365
3,5366
3,5367
3,5368
3,5369
3,5370
0,5371
3,5372
3,5373
3,5374
3,5375
3,5376
3,5377
3,5378
3,5379
3,5380
3,5381
3,5382
3,5383
3,5384
3,5385
3,5386
3,5387
3,5388
3,5389
3,5391
3,5392
3,5393
3,5394
3,5395
3,5396
3,5397
3,5398
3,5399
3,5400
3,5401
3,5402
3,5403
3,5404
3,5405
3,5407
3,5408
3,5409
3,5410
3,5411
3,5412
3,5413
3,5414
3,5415
3,5416
3,5417
3,5418
3,5419
3,5420
3,5421
3,5422
3,5423
3,5424
3,5425
3,5426
3,5427
3,5428
3,5429
3,5430
0,5431
3,5433
3,5434
3,5435
3,5436
3,5437
3,5438
3,5439
3,5440
3,5441
3,5442
3,5443
3,5444
3,5445
3,5446
3,5447
3,5448
3,5449
3,5450
3,5451
3,5452
3,5453
3,5454
3,5455
3,5456
3,5457
3,5458
3,5459
3,5460
3,5461
3,5463
3,5464
3,5465
3,5466
3,5467
3,5469
3,5470
3,5471
3,5473
3,5474
3,5475
3,5476
3,5477
3,5478
3,5481
3,5482
3,5483
3,5484
3,5485
3,5486
3,5488
3,5489
3,5490
3,5491
3,5492
3,5494
3,5495
3,5496
3,5497
3,5498
3,5500
3,5501
3,5502
3,5503
3,5504
3,5506
3,5507
3,5508
3,5509
3,5510
3,5511
3,5512
3,5513
3,5515
3,5516
3,5517
3,5518
3,5519
3,5520
3,5521
3,5522
3,5523
3,5524
3,5525
3,5526
3,5527
3,5528
3,5529
3,5530
3,5531
3,5533
3,5534
3,5536
3,5537
3,5538
3,5539
3,5540
3,5541
3,5542
3,5543
3,5544
3,5545
3,5546
3,5547
3,5549
3,5550
3,5551
3,5552
3,5553
3,5554
3,5555
3,5556
3,5557
3,5558
3,5559
3,5560
3,5562
3,5563
3,5565
3,5566
3,5567
3,5569
3,5570
3,5571
3,5572
3,5573
3,5574
3,5576
3,5577
3,5578
3,5579
3,5580
3,5581
3,5582
3,5583
3,5584
3,5585
3,5586
3,5587
3,5589
3,5590
3,5591
3,5592
3,5593
3,5594
3,5595
3,5596
3,5597
3,5598
3,5599
3,5600
3,5601
3,5602
3,5605
3,5606
3,5607
3,5608
3,5609
3,5610
3,5611
3,5612
3,5614
3,5615
3,5617
3,5618
3,5619
3,5620
3,5622
3,5624
3,5625
3,5627
3,5628
3,5629
3,5631
3,5632
3,5633
3,5634
3,5635
3,5636
3,5637
3,5638
3,5639
3,5640
3,5641
3,5642
3,5643
3,5644
3,5645
3,5646
3,5647
3,5648
3,5649
3,5652
3,5653
3,5654
3,5655
3,5658
3,5659
3,5662
3,5664
3,5672
3,5673
3,5674
3,5675
0,5676
0,5677
3,5678
3,5679
3,5680
3,5681
3,5682
3,5683
3,5684
3,5685
3,5686
3,5687
3,5688
3,5689
3,5690
3,5691
3,5692
3,5693
3,5694
3,5696
3,5697
3,5699
3,5701
3,5703
3,5704
3,5706
3,5707
3,5708
3,5709
3,5711
3,5712
3,5713
3,5716
3,5717
3,5718
3,5719
3,5720
3,5721
3,5722
3,5724
3,5725
3,5726
3,5727
3,5728
3,5729
3,5730
3,5731
3,5732
3,5733
3,5734
3,5735
3,5736
3,5737
3,5738
3,5739
3,5740
3,5741
3,5742
3,5743
3,5744
3,5745
3,5747
3,5748
3,5749
3,5750
3,5751
3,5752
3,5753
3,5754
3,5755
3,5756
3,5757
3,5759
3,5760
3,5761
3,5762
3,5763
3,5764
3,5765
3,5766
3,5767
3,5768
3,5769
3,5770
3,5771
3,5772
3,5773
3,5774
3,5775
3,5776
3,5781
3,5782
3,5783
3,5785
3,5786
3,5787
3,5788
3,5789
3,5791
3,5797
3,5799
3,5800
3,5802
3,5803
3,5804
3,5805
3,5806
3,5807
3,5808
3,5809
3,5810
0,5811
3,5812
3,5814
3,5815
3,5816
3,5818
3,5820
3,5821
3,5822
3,5825
3,5828
3,5829
3,5830
3,5831
3,5833
3,5835
3,5837
3,5839
3,5840
3,5842
3,5843
0,5844
3,5845
3,5846
3,5847
3,5848
3,5849
3,5850
3,5851
3,5852
3,5853
3,5854
3,5855
3,5856
3,5857
3,5859
3,5861
3,5862
3,5863
3,5864
3,5865
3,5866
3,5867
3,5868
3,5869
3,5870
3,5871
3,5872
3,5873
3,5874
3,5875
3,5876
3,5878
3,5879
3,5880
3,5881
3,5882
3,5883
3,5884
3,5885
3,5886
3,5887
3,5888
3,5889
3,5890
3,5891
3,5892
3,5893
3,5894
3,5895
3,5898
3,5899
3,5900
3,5901
3,5902
3,5904
3,5905
3,5907
3,5908
3,5909
3,5910
3,5911
3,5912
3,5913
3,5914
3,5917
3,5918
3,5919
3,5920
3,5921
3,5922
3,5923
3,5924
3,5925
3,5926
3,5927
3,5928
3,5929
3,5930
3,5931
3,5932
3,5933
3,5934
3,5937
3,5938
3,5939
3,5940
3,5941
3,5942
3,5943
3,5944
3,5945
3,5946
3,5947
3,5948
3,5949
3,5950
3,5951
3,5952
3,5953
3,5954
3,5955
3,5957
3,5958
3,5959
3,5960
3,5961
3,5962
3,5963
3,5964
3,5965
3,5966
3,5968
3,5969
3,5970
3,5971
3,5972
3,5974
3,5975
3,5977
3,5978
3,5979
3,5980
3,5981
3,5982
3,5983
3,5984
3,5985
3,5986
3,5987
3,5988
3,5989
3,5990
3,5991
3,5992
3,5993
3,5994
3,5995
3,5996
3,5997
3,5998
3,5999
3,6000
3,6001
0,6002
3,6003
3,6004
3,6005
3,6006
3,6008
3,6009
3,6010
3,6011
3,6012
3,6013
3,6014
3,6022
3,6027
3,6030
3,6031
3,6032
3,6033
3,6035
3,6036
3,6037
3,6038
3,6039
3,6041
3,6043
3,6044
3,6045
3,6047
3,6048
3,6049
3,6050
3,6051
3,6053
3,6054
3,6055
3,6056
3,6059
3,6060
3,6061
3,6062
3,6064
3,6065
3,6066
3,6067
3,6069
3,6070
3,6072
3,6073
3,6074
3,6075
3,6076
3,6077
3,6078
3,6079
3,6080
3,6081
3,6082
3,6083
3,6085
3,6086
3,6087
3,6088
3,6089
3,6090
3,6091
3,6092
3,6093
3,6094
3,6095
3,6096
3,6097
3,6100
3,6101
3,6102
3,6103
3,6104
3,6105
3,6106
3,6107
3,6108
3,6109
3,6110
3,6111
3,6112
3,6113
3,6114
3,6115
3,6116
3,6117
3,6118
3,6119
3,6120
0,6121
3,6122
3,6123
3,6124
0,6125
3,6126
3,6127
3,6128
3,6129
3,6130
3,6132
3,6133
3,6134
3,6135
3,6136
3,6137
3,6138
3,6139
0,6140
3,6141
3,6142
3,6143
3,6144
3,6145
3,6146
3,6147
3,6148
3,6149
3,6150
3,6151
3,6152
3,6153
3,6154
3,6155
3,6156
3,6157
3,6159
3,6160
3,6161
3,6162
3,6163
3,6164
3,6165
3,6166
3,6167
3,6168
3,6169
3,6170
3,6171
3,6173
0,6174
3,6175
3,6176
3,6177
3,6178
3,6180
3,6182
3,6183
3,6184
3,6185
3,6186
3,6187
3,6188
3,6189
3,6190
3,6191
3,6192
0,6193
3,6194
3,6195
3,6196
0,6197
3,6198
3,6199
3,6200
3,6201
3,6202
3,6203
3,6204
3,6205
3,6206
3,6207
3,6209
3,6210
3,6211
3,6212
3,6213
3,6214
3,6216
3,6217
3,6219
3,6220
3,6221
3,6223
3,6224
3,6225
3,6226
3,6227
3,6228
3,6229
3,6231
3,6232
3,6233
3,6234
3,6235
3,6236
3,6237
3,6238
3,6239
3,6240
3,6241
3,6242
3,6244
3,6245
3,6246
3,6247
3,6248
3,6250
3,6251
3,6252
3,6253
3,6254
3,6255
3,6256
3,6257
3,6260
3,6261
3,6262
3,6263
3,6264
3,6265
3,6266
3,6267
3,6268
3,6269
3,6270
3,6271
3,6272
3,6273
3,6274
3,6276
3,6277
3,6278
3,6279
3,6280
3,6281
3,6282
3,6283
3,6285
3,6286
3,6288
3,6289
3,6292
3,6293
3,6294
3,6296
3,6297
3,6298
3,6300
3,6301
3,6302
3,6303
3,6304
3,6305
3,6306
3,6307
3,6309
3,6310
3,6311
3,6312
3,6313
3,6314
3,6315
3,6316
3,6317
3,6318
3,6319
3,6320
3,6321
3,6322
3,6323
3,6324
3,6325
3,6326
3,6327
3,6329
3,6330
3,6331
3,6332
3,6333
3,6334
3,6335
3,6336
3,6337
3,6338
3,6340
3,6341
3,6342
3,6343
3,6344
3,6345
3,6346
3,6347
3,6348
3,6349
3,6350
3,6351
3,6352
3,6353
3,6354
3,6355
3,6356
3,6357
3,6358
3,6359
3,6360
3,6362
3,6363
3,6364
3,6365
3,6366
3,6369
3,6370
3,6371
3,6372
3,6373
3,6374
3,6375
3,6376
3,6377
3,6378
3,6379
3,6380
3,6381
3,6382
3,6383
3,6384
3,6385
3,6387
3,6388
3,6389
3,6390
3,6392
3,6393
3,6394
3,6395
3,6396
3,6397
3,6398
3,6399
3,6400
3,6401
3,6402
3,6403
3,6404
3,6405
3,6406
3,6407
3,6408
3,6409
3,6410
3,6411
3,6412
3,6413
3,6414
3,6415
3,6417
3,6418
3,6419
3,6420
3,6423
3,6424
3,6425
3,6426
3,6427
3,6428
3,6430
3,6431
3,6432
3,6433
3,6434
3,6435
3,6436
3,6437
3,6438
3,6439
3,6440
3,6441
3,6443
3,6444
3,6445
3,6446
3,6447
3,6448
3,6449
3,6450
3,6451
3,6452
3,6453
3,6455
3,6456
3,6457
3,6459
3,6460
3,6461
3,6462
3,6463
3,6464
3,6465
3,6466
3,6467
3,6468
3,6469
3,6472
3,6473
3,6474
3,6475
3,6476
3,6477
3,6478
3,6479
3,6480
3,6481
3,6482
3,6483
3,6484
3,6485
3,6486
3,6487
3,6488
3,6489
3,6490
3,6491
3,6492
3,6494
3,6495
3,6496
3,6497
3,6498
3,6499
3,6500
3,6501
3,6502
3,6503
3,6504
3,6505
3,6506
3,6507
3,6508
3,6510
3,6511
3,6512
3,6513
3,6515
3,6518
3,6520
3,6521
3,6522
3,6523
3,6524
3,6525
3,6526
3,6527
3,6528
3,6529
3,6530
3,6531
3,6532
3,6533
3,6535
3,6536
3,6537
3,6538
3,6539
3,6540
3,6541
3,6542
3,6543
3,6544
3,6545
3,6546
3,6547
3,6548
3,6549
3,6551
3,6552
3,6553
3,6554
3,6557
3,6558
3,6559
3,6560
3,6561
3,6562
3,6563
3,6564
3,6565
3,6566
3,6567
3,6568
3,6570
3,6571
3,6572
3,6573
3,6574
3,6575
3,6576
3,6577
3,6578
3,6579
3,6580
3,6581
3,6582
3,6583
3,6584
3,6585
3,6586
3,6587
3,6588
3,6590
3,6591
3,6592
3,6593
3,6594
3,6595
3,6597
3,6598
3,6599
3,6600
3,6602
3,6603
3,6604
3,6605
3,6606
3,6607
3,6608
3,6609
3,6610
3,6611
3,6612
3,6613
3,6614
3,6615
3,6616
3,6617
3,6618
3,6620
3,6621
3,6623
3,6624
3,6625
3,6626
3,6628
3,6630
3,6631
3,6634
3,6635
3,6636
3,6637
3,6638
3,6639
3,6641
3,6642
3,6643
3,6644
3,6645
3,6646
3,6648
3,6650
3,6651
3,6652
3,6653
3,6654
3,6655
3,6656
3,6658
3,6659
3,6660
3,6661
3,6662
3,6664
3,6665
3,6666
3,6667
3,6668
3,6669
3,6670
3,6671
3,6672
3,6673
3,6674
3,6675
3,6676
0,6677
3,6678
3,6679
3,6680
3,6682
3,6683
3,6684
3,6685
3,6686
3,6687
3,6688
3,6689
3,6690
3,6691
3,6692
3,6693
3,6694
3,6695
3,6696
3,6697
3,6698
3,6699
3,6700
3,6701
3,6702
3,6703
3,6704
3,6705
3,6706
3,6707
3,6709
3,6710
3,6711
3,6712
3,6713
3,6714
3,6715
3,6717
3,6718
3,6719
3,6720
3,6721
3,6722
3,6723
3,6726
3,6727
3,6728
3,6729
3,6730
3,6731
3,6732
3,6733
3,6734
3,6735
3,6736
3,6737
3,6738
3,6739
3,6740
3,6741
3,6742
3,6744
3,6745
3,6746
3,6748
3,6750
3,6751
3,6752
3,6753
3,6754
3,6755
3,6757
3,6758
3,6759
3,6760
3,6761
3,6762
3,6764
3,6765
3,6766
3,6767
3,6768
3,6769
3,6770
3,6771
3,6772
3,6773
3,6774
3,6776
3,6777
3,6778
3,6779
3,6780
3,6781
3,6782
3,6783
3,6784
3,6785
3,6786
3,6787
3,6788
3,6789
3,6790
3,6791
3,6792
3,6793
3,6794
3,6795
3,6796
3,6797
3,6799
3,6800
3,6801
3,6802
3,6803
3,6805
3,6806
3,6807
3,6808
3,6809
3,6810
3,6811
3,6813
3,6814
3,6815
3,6816
3,6817
3,6818
3,6819
3,6820
3,6821
3,6822
3,6823
3,6824
3,6825
3,6826
3,6827
3,6828
3,6829
3,6831
3,6832
3,6833
3,6834
3,6835
3,6836
3,6837
3,6839
3,6841
3,6842
3,6843
3,6844
3,6845
3,6846
3,6847
3,6848
3,6849
3,6850
3,6851
3,6852
3,6855
3,6857
3,6858
3,6859
3,6860
3,6861
3,6862
3,6863
3,6864
3,6865
3,6867
3,6868
3,6871
3,6872
3,6873
3,6874
3,6875
3,6876
3,6877
3,6878
3,6880
3,6881
3,6882
3,6883
3,6884
3,6885
3,6886
3,6887
3,6888
3,6889
3,6890
3,6891
3,6892
3,6893
3,6894
3,6895
3,6896
3,6897
3,6899
3,6900
3,6901
3,6902
3,6903
3,6904
3,6905
3,6906
3,6907
3,6908
3,6909
3,6911
3,6912
3,6913
3,6914
3,6915
3,6916
3,6917
3,6918
3,6921
3,6922
3,6924
3,6925
3,6926
3,6927
3,6928
3,6929
3,6930
3,6931
3,6932
3,6933
3,6934
3,6936
3,6937
3,6938
3,6940
3,6941
3,6942
3,6943
3,6944
3,6945
3,6946
3,6947
3,6948
3,6949
3,6950
3,6951
3,6953
3,6954
3,6955
3,6956
3,6957
3,6958
3,6959
3,6960
3,6961
3,6962
3,6963
3,6964
3,6966
3,6967
3,6968
3,6969
3,6971
3,6972
3,6973
3,6974
3,6975
3,6976
3,6977
3,6978
3,6979
3,6981
3,6982
3,6983
3,6985
3,6986
3,6987
3,6988
3,6989
3,6991
3,6992
3,6993
3,6994
3,6995
3,6996
3,6997
3,6998
3,6999
3,7000
3,7001
3,7002
3,7003
3,7004
3,7005
3,7006
3,7007
3,7008
3,7009
3,7010
3,7011
3,7013
2,7014
3,7015
3,7016
3,7017
3,7018
3,7019
3,7021
3,7024
3,7026
3,7028
3,7029
3,7030
3,7031
3,7032
3,7033
3,7034
3,7035
3,7036
3,7037
3,7038
3,7039
3,7040
3,7041
3,7042
3,7043
3,7044
3,7045
3,7046
3,7047
3,7048
3,7049
3,7050
3,7051
3,7052
3,7053
3,7054
3,7055
3,7057
3,7058
3,7059
3,7060
3,7061
3,7062
3,7063
3,7064
3,7065
3,7066
3,7067
3,7068
3,7069
3,7070
3,7071
3,7072
3,7073
3,7074
3,7075
3,7076
3,7077
3,7078
3,7079
3,7080
3,7081
3,7082
3,7083
3,7084
3,7085
3,7087
3,7088
3,7089
3,7090
3,7091
3,7092
3,7094
3,7095
3,7096
3,7097
3,7098
3,7099
3,7100
3,7101
3,7102
3,7103
3,7105
3,7106
3,7108
3,7109
2,7111
3,7112
3,7113
3,7114
3,7115
3,7117
3,7118
3,7119
3,7120
3,7122
3,7123
3,7124
3,7125
3,7126
3,7127
3,7128
3,7129
3,7130
3,7131
3,7132
3,7133
3,7134
3,7135
3,7137
3,7138
3,7139
3,7140
3,7141
3,7142
3,7143
3,7144
3,7145
3,7146
3,7147
3,7148
3,7149
3,7150
3,7151
3,7152
3,7153
3,7154
3,7156
3,7157
3,7158
3,7159
3,7160
3,7161
3,7163
3,7164
3,7165
3,7166
3,7167
3,7168
3,7169
3,7170
3,7171
3,7173
3,7174
3,7175
3,7177
3,7181
3,7182
3,7183
3,7184
3,7185
3,7190
3,7193
3,7194
3,7195
3,7197
3,7198
3,7199
3,7201
3,7203
3,7205
3,7207
3,7213
3,7242
3,7244
3,7245
3,7246
3,7247
3,7248
3,7249
3,7250
3,7251
3,7252
3,7253
3,7254
3,7255
3,7256
3,7257
3,7258
3,7260
3,7261
3,7262
3,7263
3,7264
3,7265
3,7266
3,7267
3,7268
3,7269
0,7270
0,7271
3,7272
3,7273
3,7274
3,7275
3,7276
3,7277
3,7278
3,7279
3,7280
0,7281
3,7282
3,7283
3,7285
3,7286
3,7287
3,7288
3,7289
3,7291
3,7292
3,7293
3,7296
3,7297
3,7299
3,7300
3,7301
3,7302
3,7304
3,7305
3,7306
3,7307
3,7308
3,7309
3,7310
3,7311
3,7312
3,7313
3,7314
3,7315
3,7317
3,7318
3,7319
3,7321
3,7322
3,7323
3,7325
3,7326
3,7327
3,7328
3,7329
3,7330
3,7331
3,7332
3,7334
3,7335
3,7336
3,7338
3,7339
3,7340
3,7341
3,7342
0,7343
0,7344
0,7345
0,7346
3,7348
3,7349
3,7350
3,7351
3,7352
3,7353
3,7354
3,7355
3,7356
3,7357
3,7358
3,7359
0,7360
3,7361
3,7362
3,7363
3,7364
3,7365
0,7366
3,7367
3,7368
3,7369
3,7370
3,7371
3,7372
3,7373
3,7374
3,7375
3,7376
3,7377
0,7379
3,7380
3,7381
3,7382
3,7383
3,7384
3,7385
3,7386
3,7387
3,7388
3,7389
3,7390
3,7392
3,7393
3,7395
3,7396
3,7397
3,7398
3,7399
3,7400
3,7401
3,7402
3,7404
3,7405
3,7407
3,7408
3,7409
3,7410
3,7411
0,7412
3,7413
3,7414
3,7415
3,7416
0,7417
3,7418
3,7419
3,7420
3,7421
3,7422
3,7423
3,7424
3,7425
3,7426
3,7427
3,7429
3,7430
3,7431
3,7432
3,7433
3,7434
3,7435
3,7437
3,7439
3,7440
3,7441
0,7442
3,7443
3,7444
3,7445
0,7446
0,7448
0,7449
3,7451
3,7452
3,7453
3,7454
3,7455
3,7456
3,7457
3,7458
3,7459
3,7460
0,7462
3,7463
3,7464
0,7465
0,7466
3,7467
3,7468
3,7469
3,7470
3,7471
0,7472
0,7473
3,7474
3,7475
3,7476
3,7478
3,7479
3,7480
3,7481
3,7482
3,7483
3,7484
3,7485
3,7486
3,7487
3,7488
3,7491
3,7492
3,7493
3,7494
3,7495
3,7496
3,7497
3,7498
3,7499
3,7500
3,7501
3,7502
3,7503
3,7504
3,7506
3,7507
3,7509
3,7510
3,7511
3,7512
3,7513
3,7514
3,7515
3,7516
3,7517
3,7518
3,7520
3,7521
3,7522
3,7523
3,7525
3,7526
3,7529
3,7530
3,7531
3,7532
3,7533
3,7534
3,7535
3,7536
3,7537
3,7538
3,7539
3,7540
3,7541
3,7542
3,7543
3,7544
3,7545
3,7546
3,7547
3,7548
3,7549
3,7550
3,7552
3,7554
3,7555
3,7556
3,7557
3,7558
3,7559
3,7560
0,7561
0,7562
3,7563
3,7564
3,7565
3,7567
3,7568
3,7569
3,7570
3,7571
3,7572
3,7573
3,7574
3,7575
3,7577
3,7578
3,7579
3,7580
3,7581
3,7583
3,7584
3,7586
3,7587
3,7589
3,7590
3,7591
3,7593
3,7594
3,7595
3,7596
3,7597
3,7598
3,7599
3,7600
3,7601
3,7602
3,7603
3,7604
3,7605
3,7606
3,7607
3,7608
3,7609
3,7611
3,7613
3,7614
3,7615
3,7616
3,7617
3,7618
3,7619
3,7620
3,7621
3,7622
3,7623
3,7624
3,7625
3,7626
3,7627
3,7628
3,7629
3,7630
3,7631
3,7633
3,7634
3,7635
3,7636
3,7638
3,7641
3,7642
3,7643
3,7644
3,7645
3,7646
3,7647
3,7648
3,7649
3,7650
3,7651
3,7652
3,7653
3,7654
3,7655
3,7656
3,7657
3,7658
3,7659
3,7660
3,7662
3,7663
3,7664
3,7665
3,7666
3,7667
3,7668
3,7670
3,7671
3,7672
3,7673
3,7674
3,7675
3,7676
3,7677
3,7678
3,7679
3,7680
3,7681
3,7682
3,7683
3,7684
3,7685
3,7688
3,7689
3,7690
3,7691
3,7692
3,7694
3,7695
3,7696
3,7697
3,7698
3,7699
3,7700
3,7703
3,7704
3,7705
3,7706
3,7707
3,7708
3,7709
3,7710
3,7711
3,7712
3,7713
3,7714
3,7715
3,7717
3,7718
3,7720
3,7721
3,7722
3,7723
3,7725
3,7726
3,7727
3,7728
3,7729
3,7731
3,7732
3,7733
3,7734
3,7735
3,7736
3,7737
3,7739
3,7740
3,7741
3,7743
3,7744
3,7745
3,7746
3,7747
3,7748
3,7749
3,7750
3,7751
3,7752
3,7753
3,7754
3,7757
3,7758
3,7761
3,7763
3,7764
3,7765
3,7767
3,7768
3,7769
3,7770
3,7771
3,7772
3,7773
3,7774
3,7775
3,7776
3,7777
3,7778
3,7779
3,7780
3,7781
3,7783
3,7784
3,7785
3,7786
3,7787
3,7788
3,7789
3,7790
3,7791
3,7794
3,7795
3,7796
3,7797
3,7798
3,7799
3,7801
3,7802
3,7803
3,7804
3,7805
3,7807
3,7808
3,7809
3,7810
3,7811
3,7812
3,7813
3,7814
3,7815
3,7816
3,7817
3,7818
3,7819
3,7820
3,7821
3,7823
3,7824
3,7826
3,7827
3,7828
3,7830
3,7831
3,7832
3,7833
3,7835
3,7836
3,7837
3,7838
3,7839
3,7840
3,7841
3,7842
3,7843
3,7844
3,7845
3,7846
3,7847
3,7848
3,7849
3,7850
3,7852
3,7853
3,7854
3,7855
3,7856
3,7857
3,7858
3,7859
3,7860
3,7861
3,7863
3,7864
3,7865
3,7866
3,7867
3,7868
3,7869
3,7870
3,7871
3,7872
3,7873
3,7874
3,7875
3,7876
3,7877
3,7878
3,7879
3,7880
3,7881
3,7883
3,7884
3,7885
3,7886
3,7887
3,7888
0,7889
3,7891
3,7892
3,7893
3,7894
3,7895
3,7896
3,7898
3,7899
3,7901
3,7902
3,7903
3,7904
3,7905
3,7906
3,7908
3,7909
3,7910
3,7911
3,7912
3,7913
3,7915
3,7916
3,7917
3,7918
3,7919
3,7920
3,7921
3,7923
3,7924
3,7926
3,7927
3,7928
3,7929
3,7930
3,7931
3,7932
3,7933
3,7934
3,7935
3,7936
3,7937
3,7938
3,7940
3,7941
3,7942
3,7943
3,7944
3,7945
3,7946
3,7947
3,7948
3,7949
3,7950
3,7951
3,7953
3,7954
3,7955
3,7956
3,7957
3,7958
3,7959
3,7960
3,7961
3,7962
3,7963
3,7964
3,7965
3,7966
3,7967
3,7968
3,7969
3,7970
3,7971
3,7972
3,7973
3,7974
3,7975
3,7976
3,7977
3,7978
3,7979
3,7980
3,7981
3,7982
3,7984
3,7986
3,7987
3,7990
3,7991
3,7992
3,7993
3,7994
3,7995
3,7996
3,7997
3,7998
3,7999
3,8000
3,8001
3,8002
3,8003
3,8004
3,8005
3,8006
3,8007
3,8008
3,8009
3,8010
3,8013
3,8014
3,8015
3,8016
3,8017
3,8018
3,8019
3,8021
3,8022
3,8025
3,8027
3,8031
3,8032
3,8033
3,8035
3,8036
3,8037
3,8038
3,8039
3,8040
3,8041
3,8043
3,8044
3,8047
3,8048
3,8050
3,8051
3,8052
3,8054
3,8055
3,8057
3,8058
3,8059
3,8060
3,8061
3,8062
3,8063
3,8065
3,8067
3,8068
3,8069
3,8070
3,8072
3,8073
3,8074
3,8076
3,8077
3,8078
3,8079
3,8080
3,8081
3,8082
3,8083
3,8084
3,8085
3,8086
3,8087
3,8088
3,8089
3,8090
3,8091
3,8092
3,8093
3,8094
3,8095
3,8096
3,8097
3,8098
3,8099
3,8100
3,8101
3,8102
3,8103
3,8104
3,8105
3,8106
3,8108
3,8109
3,8110
3,8111
3,8112
0,8113
3,8114
3,8115
3,8116
3,8117
3,8118
3,8119
3,8120
3,8121
3,8122
3,8123
3,8124
3,8125
3,8126
3,8127
3,8128
3,8129
3,8130
3,8131
3,8133
3,8134
3,8135
3,8136
3,8137
3,8138
3,8141
3,8142
3,8143
3,8144
3,8145
3,8146
3,8147
3,8148
3,8149
3,8151
3,8152
3,8153
3,8154
3,8155
3,8156
3,8157
3,8158
3,8159
3,8160
3,8161
3,8162
3,8163
3,8164
3,8165
3,8166
3,8167
3,8169
3,8170
3,8172
3,8173
3,8174
3,8176
3,8177
3,8178
3,8179
3,8180
3,8181
3,8182
3,8183
3,8184
3,8185
3,8186
3,8187
3,8188
3,8189
3,8190
3,8191
3,8192
3,8193
3,8194
3,8195
3,8196
3,8197
3,8198
3,8199
3,8201
3,8202
0,8203
3,8204
3,8205
3,8206
3,8207
3,8208
3,8209
3,8211
3,8212
3,8213
3,8215
3,8216
3,8217
3,8219
3,8220
3,8221
3,8222
3,8223
3,8224
3,8225
3,8226
3,8227
3,8228
3,8229
3,8230
3,8231
3,8232
3,8233
3,8234
3,8235
3,8236
3,8237
3,8238
3,8239
3,8240
3,8241
3,8242
3,8243
3,8244
3,8245
3,8246
3,8248
3,8249
3,8250
3,8251
3,8252
3,8253
3,8254
3,8255
3,8256
3,8257
3,8258
3,8259
3,8260
3,8261
3,8262
3,8263
3,8264
3,8265
3,8266
3,8267
3,8268
3,8269
3,8270
3,8271
3,8273
3,8274
3,8276
3,8277
3,8278
3,8279
3,8280
3,8281
3,8282
3,8283
3,8284
3,8285
0,8286
3,8287
3,8288
3,8289
3,8290
3,8291
3,8292
3,8293
3,8294
3,8295
3,8297
3,8298
3,8299
3,8300
3,8301
3,8302
3,8303
3,8304
3,8305
3,8306
3,8308
3,8309
3,8310
3,8311
3,8312
3,8313
3,8314
3,8315
3,8316
3,8317
3,8318
3,8319
3,8320
3,8321
3,8322
3,8323
3,8324
3,8325
3,8326
3,8328
3,8329
3,8330
3,8331
3,8332
3,8333
3,8335
3,8336
3,8337
3,8338
3,8339
3,8340
3,8341
3,8342
3,8343
3,8345
3,8346
3,8347
3,8348
3,8349
3,8350
3,8351
3,8352
3,8353
3,8354
3,8355
3,8356
3,8357
3,8358
3,8359
3,8361
3,8362
3,8363
3,8364
3,8366
3,8367
3,8368
3,8369
3,8370
3,8372
3,8373
3,8374
3,8375
3,8376
3,8377
3,8378
3,8379
3,8380
3,8381
3,8382
3,8383
3,8384
3,8386
3,8387
3,8388
3,8389
3,8390
3,8391
3,8392
3,8393
3,8394
3,8395
3,8396
3,8397
3,8398
3,8399
3,8400
3,8401
3,8402
3,8403
3,8404
3,8405
3,8406
3,8407
3,8409
3,8410
3,8411
3,8412
3,8413
3,8414
3,8415
3,8416
3,8417
3,8418
3,8419
3,8420
3,8421
3,8422
3,8423
3,8424
3,8425
3,8426
3,8427
3,8428
3,8429
3,8430
3,8431
3,8432
3,8433
3,8434
3,8435
3,8436
3,8437
3,8438
3,8439
3,8440
3,8442
3,8443
3,8444
3,8445
3,8446
3,8447
3,8448
3,8449
3,8450
3,8451
3,8453
3,8454
3,8456
3,8457
3,8458
3,8459
3,8460
3,8461
3,8462
3,8463
3,8464
3,8465
3,8466
3,8467
3,8468
3,8469
3,8470
3,8471
3,8472
3,8474
3,8475
3,8476
3,8477
3,8478
3,8479
3,8480
3,8481
3,8482
3,8483
3,8484
3,8485
3,8486
3,8490
3,8491
0,8492
3,8493
3,8494
3,8496
3,8498
3,8499
3,8500
3,8501
3,8502
3,8504
3,8505
3,8506
3,8507
3,8508
3,8510
3,8511
3,8513
3,8514
3,8515
3,8516
3,8517
3,8518
3,8519
3,8520
3,8521
3,8522
3,8524
3,8526
3,8527
3,8529
3,8530
3,8531
3,8532
3,8533
3,8534
3,8537
3,8538
3,8539
3,8540
3,8541
3,8542
3,8543
3,8544
3,8545
3,8546
3,8547
3,8548
3,8549
3,8550
3,8551
3,8552
3,8553
3,8555
3,8556
0,8557
3,8558
3,8559
3,8560
3,8561
3,8562
3,8563
3,8565
3,8566
3,8567
3,8568
3,8569
3,8570
3,8571
3,8572
3,8573
3,8574
3,8575
3,8576
3,8577
3,8578
3,8579
3,8580
3,8582
3,8583
3,8584
3,8585
3,8586
3,8587
3,8588
3,8589
3,8590
3,8591
3,8592
3,8593
3,8594
3,8595
3,8596
3,8597
3,8598
3,8599
3,8600
3,8601
3,8602
3,8603
3,8604
3,8605
3,8606
3,8607
3,8608
3,8610
3,8611
3,8612
3,8613
3,8614
3,8615
3,8616
3,8617
3,8618
3,8619
3,8620
3,8621
3,8622
3,8623
3,8624
3,8625
3,8626
3,8628
3,8629
3,8630
3,8631
3,8632
3,8633
3,8634
3,8635
3,8636
3,8637
3,8638
3,8639
3,8640
3,8641
3,8642
3,8643
3,8644
3,8645
3,8646
3,8647
3,8648
3,8649
3,8650
3,8651
3,8652
3,8653
3,8654
3,8655
3,8656
3,8657
3,8658
3,8659
3,8660
3,8661
3,8662
3,8663
3,8665
3,8666
3,8667
3,8668
3,8669
3,8670
3,8672
3,8673
3,8674
3,8675
3,8676
3,8677
3,8678
3,8679
3,8680
3,8681
3,8682
3,8683
3,8684
3,8685
3,8686
3,8687
3,8688
3,8689
3,8690
3,8691
0,8692
3,8693
3,8694
3,8695
3,8696
3,8697
3,8698
3,8699
3,8700
3,8701
3,8702
3,8703
3,8704
3,8705
3,8706
3,8707
3,8708
3,8709
3,8710
3,8711
3,8712
3,8713
3,8714
3,8715
3,8716
3,8717
3,8718
0,8719
3,8720
3,8721
3,8723
3,8726
3,8727
3,8728
3,8729
3,8730
3,8731
3,8732
3,8733
3,8734
3,8735
3,8736
3,8737
3,8739
3,8740
3,8741
3,8744
3,8746
3,8747
3,8748
3,8749
3,8750
3,8751
3,8752
3,8753
3,8754
3,8755
3,8756
3,8757
3,8758
3,8759
3,8760
3,8761
3,8762
3,8763
3,8764
3,8765
3,8766
3,8767
3,8768
3,8769
3,8770
3,8771
3,8772
3,8773
3,8774
3,8775
3,8776
3,8777
3,8778
3,8779
3,8780
3,8781
3,8782
3,8783
3,8785
3,8786
3,8787
0,8788
3,8789
3,8790
3,8791
3,8792
3,8793
3,8794
3,8795
3,8796
3,8797
3,8798
3,8799
3,8800
3,8801
3,8802
3,8804
3,8805
3,8806
3,8807
3,8808
3,8809
3,8810
3,8811
3,8812
3,8814
3,8815
3,8816
3,8817
3,8818
3,8819
3,8820
3,8821
3,8822
3,8823
3,8824
3,8825
3,8826
3,8827
3,8828
3,8829
3,8830
3,8831
3,8832
3,8835
3,8836
3,8837
3,8838
3,8840
3,8841
3,8842
3,8843
3,8844
3,8845
3,8847
3,8848
3,8849
3,8851
3,8852
3,8853
3,8854
3,8855
3,8856
3,8857
3,8858
3,8859
3,8860
3,8861
3,8863
3,8864
3,8865
3,8866
3,8867
3,8868
3,8869
3,8870
3,8871
3,8872
3,8874
3,8876
3,8877
3,8878
3,8879
3,8880
3,8881
3,8882
3,8883
3,8884
3,8886
3,8888
3,8889
3,8890
3,8891
3,8892
3,8893
3,8894
3,8895
0,8896
3,8897
3,8898
3,8900
3,8901
3,8902
3,8903
3,8904
3,8905
3,8906
3,8907
3,8908
3,8909
3,8910
3,8911
3,8912
3,8913
3,8914
3,8915
3,8916
3,8917
3,8918
3,8919
3,8920
3,8921
3,8922
3,8923
3,8924
3,8925
3,8927
3,8928
3,8929
3,8930
3,8931
3,8933
3,8935
3,8936
3,8937
3,8938
3,8940
3,8941
3,8944
3,8945
3,8946
3,8947
3,8949
3,8950
3,8951
3,8952
3,8953
3,8954
3,8955
3,8956
3,8958
3,8959
3,8960
3,8961
3,8964
3,8965
3,8966
3,8967
3,8968
3,8969
3,8972
3,8973
3,8974
3,8975
3,8976
3,8977
3,8978
3,8979
3,8980
3,8982
3,8983
3,8984
3,8985
3,8986
3,8987
3,8988
3,8989
3,8990
3,8991
3,8992
3,8993
3,8994
3,8995
3,8997
3,8998
3,8999
3,9000
3,9001
3,9002
3,9003
3,9004
3,9005
3,9006
3,9008
3,9009
3,9010
3,9011
3,9012
3,9013
3,9014
3,9015
3,9017
3,9018
3,9020
3,9021
3,9022
3,9023
3,9024
3,9025
3,9026
3,9027
3,9028
3,9029
3,9030
3,9031
3,9032
3,9033
3,9034
3,9035
3,9036
3,9037
3,9038
3,9039
3,9040
3,9041
3,9042
3,9043
3,9044
3,9045
3,9047
3,9048
3,9049
3,9050
3,9053
3,9054
3,9055
3,9056
3,9057
3,9058
3,9059
3,9060
3,9061
3,9062
3,9065
3,9066
3,9067
3,9068
3,9069
3,9070
3,9071
3,9072
3,9073
3,9074
3,9075
3,9076
3,9077
3,9078
3,9079
3,9081
3,9082
3,9083
3,9084
3,9085
3,9086
3,9087
3,9088
3,9090
3,9091
3,9092
3,9093
3,9094
3,9095
3,9096
3,9097
3,9098
3,9099
3,9100
3,9101
3,9103
3,9104
3,9105
3,9106
3,9107
3,9110
3,9112
3,9115
3,9116
3,9119
3,9120
3,9121
3,9122
3,9127
3,9128
3,9130
3,9132
3,9136
3,9137
3,9138
3,9139
3,9141
3,9142
3,9143
3,9144
3,9147
3,9149
3,9150
3,9152
3,9153
3,9154
3,9157
3,9160
3,9162
3,9163
3,9164
3,9165
3,9168
3,9169
3,9170
3,9171
3,9172
3,9173
3,9174
3,9175
3,9176
3,9178
3,9180
3,9182
3,9183
3,9184
3,9185
3,9189
3,9191
3,9196
3,9199
3,9200
3,9202
3,9203
3,9205
3,9208
3,9211
3,9213
3,9214
3,9215
0,9216
3,9219
3,9220
3,9221
3,9222
3,9223
3,9224
3,9225
3,9227
0,9229
3,9230
3,9231
3,9233
3,9234
3,9235
3,9237
3,9238
3,9239
3,9241
3,9242
3,9243
3,9244
3,9245
3,9246
3,9247
3,9248
3,9249
3,9250
3,9251
3,9253
3,9255
3,9262
3,9263
3,9266
3,9267
3,9269
3,9270
3,9271
3,9272
3,9275
3,9276
3,9278
3,9280
3,9284
3,9286
3,9287
3,9291
3,9292
3,9293
3,9294
3,9295
3,9296
3,9298
3,9299
3,9300
3,9301
3,9302
3,9303
3,9305
3,9306
3,9308
3,9310
3,9311
3,9312
3,9313
3,9316
3,9317
3,9318
3,9319
3,9320
3,9321
3,9322
3,9325
3,9326
3,9329
3,9330
3,9331
3,9337
3,9338
3,9339
3,9340
3,9341
3,9342
3,9346
3,9347
3,9350
3,9352
3,9355
3,9359
3,9360
3,9361
3,9362
3,9366
3,9368
3,9369
3,9370
3,9372
3,9373
3,9375
3,9376
3,9377
3,9378
3,9381
3,9385
3,9387
3,9388
3,9389
3,9392
3,9397
3,9398
3,9399
3,9400
3,9401
3,9402
3,9403
3,9404
3,9405
3,9408
3,9409
3,9411
3,9412
3,9413
3,9414
3,9415
3,9416
3,9421
3,9422
3,9425
3,9426
3,9427
3,9428
3,9431
3,9432
3,9433
3,9434
3,9439
3,9440
3,9441
3,9442
3,9443
3,9444
3,9446
3,9447
3,9451
3,9456
3,9457
3,9458
3,9460
3,9462
3,9463
3,9464
3,9465
3,9467
3,9468
0,9470
3,9471
3,9473
3,9474
3,9475
3,9477
3,9479
3,9480
3,9485
3,9486
3,9487
3,9489
3,9490
3,9491
3,9493
3,9494
3,9498
3,9499
3,9501
3,9502
3,9507
3,9512
3,9513
3,9515
3,9517
3,9519
3,9520
3,9521
3,9522
3,9523
3,9524
3,9530
3,9531
3,9532
3,9533
3,9534
3,9535
3,9536
3,9537
3,9538
3,9539
3,9542
3,9543
3,9545
3,9546
3,9547
3,9548
3,9549
3,9550
3,9551
0,9552
3,9553
3,9554
3,9555
3,9556
3,9557
3,9559
3,9560
3,9561
3,9562
3,9563
0,9564
3,9565
3,9566
3,9567
3,9569
3,9572
3,9573
3,9574
3,9576
3,9577
3,9578
3,9579
3,9580
3,9581
3,9582
3,9583
3,9584
3,9585
3,9586
3,9587
3,9588
3,9589
3,9590
3,9591
3,9592
3,9593
3,9594
3,9595
3,9596
3,9597
3,9599
3,9600
3,9601
3,9602
3,9603
3,9604
3,9605
3,9607
3,9608
3,9609
3,9610
3,9611
3,9612
3,9613
3,9614
3,9615
3,9616
3,9617
3,9618
3,9619
3,9621
3,9622
3,9623
3,9624
3,9625
3,9626
3,9628
3,9629
3,9630
3,9631
3,9632
3,9633
3,9634
3,9635
3,9636
3,9638
3,9641
3,9643
3,9644
3,9645
3,9646
3,9648
3,9649
3,9650
3,9651
3,9652
3,9653
3,9654
3,9655
3,9656
3,9657
3,9658
3,9659
3,9661
3,9662
3,9664
3,9665
3,9666
3,9667
3,9668
3,9669
3,9670
3,9672
3,9673
3,9674
3,9676
3,9677
3,9679
3,9680
3,9682
3,9683
3,9685
3,9686
3,9689
3,9690
3,9691
3,9692
3,9693
3,9694
3,9695
3,9696
3,9697
3,9698
3,9699
3,9701
3,9702
0,9703
3,9704
3,9705
3,9706
3,9707
3,9708
3,9709
3,9710
3,9711
3,9712
3,9715
3,9716
3,9717
3,9718
3,9719
3,9720
3,9721
3,9722
3,9723
3,9724
3,9726
3,9727
3,9728
3,9729
3,9730
3,9731
3,9732
3,9733
3,9734
3,9735
3,9736
3,9737
3,9738
3,9739
3,9740
3,9741
3,9742
3,9743
3,9744
3,9745
3,9746
3,9747
3,9748
3,9749
3,9750
3,9751
3,9752
3,9753
3,9754
3,9755
3,9756
3,9757
3,9758
3,9759
3,9760
3,9761
3,9763
3,9765
3,9766
3,9767
3,9768
3,9770
3,9771
3,9773
3,9774
3,9775
3,9777
3,9778
3,9779
3,9780
3,9781
3,9782
3,9783
3,9784
3,9785
3,9786
3,9787
3,9788
3,9789
3,9790
3,9791
3,9792
3,9794
3,9795
3,9796
3,9797
3,9798
3,9799
3,9800
3,9801
3,9802
3,9803
3,9804
3,9805
3,9806
3,9807
3,9808
3,9809
3,9810
3,9811
3,9812
3,9813
3,9814
3,9815
3,9816
3,9819
3,9820
3,9821
3,9822
3,9823
3,9824
3,9825
3,9826
3,9827
3,9828
3,9829
3,9830
3,9831
3,9832
3,9833
3,9834
3,9835
3,9836
3,9837
3,9838
3,9839
3,9840
3,9841
3,9842
3,9843
3,9844
3,9845
3,9846
3,9847
3,9848
3,9850
3,9851
3,9854
3,9855
3,9856
3,9858
3,9859
3,9860
3,9861
3,9862
3,9863
3,9864
3,9865
3,9866
3,9868
3,9869
3,9870
3,9871
3,9872
3,9873
3,9874
3,9875
3,9876
3,9877
3,9878
3,9879
3,9880
3,9881
3,9882
3,9883
3,9884
3,9885
3,9886
3,9887
3,9889
3,9890
3,9891
3,9892
3,9893
3,9894
3,9895
3,9896
3,9897
3,9898
3,9899
3,9900
3,9901
3,9902
3,9903
3,9904
3,9905
3,9906
3,9907
3,9908
3,9909
3,9911
3,9912
3,9913
3,9915
3,9916
3,9917
3,9918
3,9921
3,9922
3,9923
3,9924
3,9926
3,9927
3,9928
3,9930
3,9931
3,9932
3,9934
3,9935
3,9938
3,9939
3,9941
3,9942
3,9944
3,9945
3,9946
3,9947
3,9948
3,9949
3,9950
3,9951
3,9952
3,9953
3,9954
3,9955
3,9956
3,9957
3,9958
3,9959
0,9960
3,9962
3,9963
3,9964
3,9965
3,9966
3,9968
3,9970
3,9971
3,9972
3,9973
3,9974
3,9975
3,9977
3,9978
3,9979
3,9980
3,9981
3,9982
3,9983
3,9984
3,9985
3,9986
3,9988
3,9989
3,9990
3,9991
3,9992
3,9993
3,9994
3,9995
3,9996
3,9997
3,9998
3,10000
3,10001
3,10002
3,10003
3,10004
3,10005
3,10006
3,10007
3,10008
3,10009
3,10010
3,10011
3,10012
3,10013
3,10014
3,10015
3,10016
3,10017
3,10018
3,10019
3,10020
3,10021
3,10022
3,10023
3,10024
3,10025
3,10026
3,10028
3,10029
3,10030
3,10031
3,10032
3,10033
3,10034
3,10035
3,10036
3,10037
3,10038
3,10039
3,10040
3,10041
3,10042
3,10043
3,10044
3,10045
3,10046
3,10047
3,10048
3,10049
3,10050
3,10051
3,10052
3,10053
3,10054
3,10055
3,10056
3,10057
3,10058
3,10059
3,10060
3,10061
3,10062
3,10063
3,10064
3,10065
3,10067
3,10068
3,10070
3,10071
3,10072
3,10073
3,10074
3,10075
3,10076
3,10077
3,10078
3,10079
3,10080
3,10081
3,10082
3,10083
3,10084
3,10085
3,10086
3,10087
3,10088
3,10089
3,10090
3,10091
3,10092
3,10093
3,10094
3,10095
3,10096
3,10097
3,10098
3,10099
3,10101
3,10102
3,10103
3,10104
3,10105
3,10106
3,10107
3,10108
3,10109
3,10110
3,10111
3,10112
3,10113
3,10114
3,10115
3,10116
3,10117
3,10119
3,10120
3,10121
3,10122
3,10124
3,10127
3,10129
3,10130
3,10131
3,10132
3,10133
3,10134
3,10135
3,10136
3,10138
3,10139
3,10141
3,10142
3,10143
3,10144
3,10145
3,10146
3,10147
3,10148
3,10149
3,10150
3,10152
3,10153
3,10154
3,10155
3,10156
3,10157
3,10158
3,10159
3,10160
3,10161
3,10162
3,10163
3,10165
3,10166
3,10167
3,10168
3,10169
3,10170
3,10171
3,10172
3,10173
3,10174
3,10175
3,10176
3,10177
3,10178
3,10179
3,10180
3,10181
3,10182
3,10183
3,10184
3,10185
3,10186
3,10187
3,10188
3,10190
3,10191
3,10192
3,10193
3,10194
3,10195
3,10196
3,10197
3,10198
3,10200
3,10201
3,10202
3,10203
3,10204
3,10205
3,10206
3,10207
3,10209
3,10211
3,10212
3,10213
3,10214
3,10215
3,10216
3,10218
3,10219
3,10220
3,10221
3,10222
3,10223
3,10224
3,10225
3,10226
3,10227
3,10228
3,10229
3,10230
3,10231
3,10232
3,10233
3,10234
3,10235
3,10236
3,10237
3,10239
3,10241
3,10242
3,10243
3,10244
3,10245
3,10246
3,10247
3,10248
3,10249
3,10250
3,10251
3,10252
3,10254
3,10255
3,10256
3,10257
3,10258
3,10259
3,10260
3,10261
3,10262
3,10263
3,10264
3,10265
3,10266
3,10267
3,10268
3,10269
3,10270
3,10271
3,10272
3,10273
1,10274
1,10275
1,10276
3,10277
3,10278
3,10279
3,10280
3,10282
3,10283
3,10284
1,10285
3,10286
0,10288
3,10289
3,10290
3,10291
3,10292
3,10294
1,10295
3,10296
3,10298
3,10299
3,10300
3,10303
3,10304
1,10305
1,10306
1,10307
1,10308
3,10310
3,10311
3,10312
3,10313
3,10314
3,10315
3,10316
3,10317
1,10318
3,10319
3,10321
0,10322
3,10323
3,10324
3,10325
3,10326
3,10327
3,10329
1,10331
1,10332
3,10333
3,10334
3,10335
3,10336
3,10337
3,10339
3,10341
3,10342
1,10343
1,10344
1,10345
3,10346
3,10347
3,10350
3,10351
3,10352
3,10353
3,10354
1,10355
1,10357
1,10358
0,10359
3,10360
3,10362
3,10363
3,10364
3,10366
1,10367
1,10368
3,10369
3,10370
3,10371
3,10372
3,10374
3,10375
3,10376
1,10377
1,10378
3,10380
3,10381
3,10382
3,10383
3,10384
3,10385
3,10386
1,10387
1,10388
1,10389
3,10392
3,10393
3,10394
3,10396
1,10397
1,10399
3,10400
3,10401
3,10402
3,10403
3,10404
3,10405
1,10406
3,10407
3,10408
3,10409
3,10411
3,10412
3,10413
1,10414
1,10415
3,10416
1,10417
3,10418
3,10419
3,10420
3,10421
3,10422
3,10423
3,10424
3,10425
3,10426
3,10427
1,10428
3,10429
1,10430
3,10431
3,10433
3,10435
3,10436
3,10437
3,10438
3,10439
3,10440
3,10441
3,10442
3,10443
3,10444
3,10445
1,10446
1,10447
3,10448
3,10449
3,10450
3,10451
3,10452
3,10453
3,10454
3,10455
3,10456
3,10457
3,10458
3,10459
3,10461
3,10462
1,10463
3,10464
3,10465
1,10467
1,10468
3,10469
1,10470
3,10471
3,10473
3,10474
3,10475
3,10476
3,10477
3,10478
1,10479
1,10480
1,10481
1,10482
1,10483
3,10485
3,10486
3,10487
3,10488
3,10489
3,10490
3,10491
3,10492
1,10493
1,10494
1,10495
3,10496
3,10498
3,10499
3,10500
3,10501
3,10502
3,10503
3,10504
3,10505
1,10506
3,10507
3,10508
3,10509
3,10510
3,10511
3,10512
3,10513
3,10514
3,10515
3,10516
3,10517
3,10518
3,10519
3,10520
3,10521
3,10522
3,10523
3,10524
3,10525
3,10526
3,10527
3,10528
1,10529
1,10530
3,10531
1,10532
1,10533
1,10534
3,10537
3,10539
3,10540
3,10542
3,10543
3,10544
1,10546
3,10547
3,10548
3,10550
3,10551
3,10552
3,10553
3,10554
3,10555
3,10556
3,10557
3,10558
3,10559
1,10560
1,10561
3,10562
3,10563
3,10564
3,10565
3,10566
1,10567
3,10568
3,10569
3,10570
3,10571
3,10573
3,10574
3,10576
3,10577
3,10578
3,10579
3,10580
3,10581
3,10582
3,10583
1,10584
3,10585
3,10587
3,10588
3,10590
3,10591
3,10592
3,10593
3,10596
1,10597
3,10598
3,10599
3,10600
3,10601
3,10603
3,10604
3,10605
1,10606
3,10608
3,10609
3,10611
3,10612
3,10613
3,10614
3,10617
3,10618
3,10619
3,10620
3,10621
3,10622
3,10623
1,10624
3,10625
3,10626
3,10627
3,10628
3,10630
3,10631
3,10632
3,10633
1,10634
1,10635
3,10636
3,10637
3,10638
3,10639
3,10640
3,10641
3,10642
3,10643
3,10645
1,10647
1,10648
3,10650
3,10652
3,10653
3,10654
3,10655
3,10657
3,10658
3,10659
1,10660
1,10661
1,10662
3,10663
3,10664
3,10665
3,10666
3,10667
3,10668
3,10669
3,10670
3,10671
3,10672
3,10673
3,10674
3,10675
1,10676
1,10678
3,10679
3,10681
3,10682
3,10683
3,10684
3,10685
3,10686
3,10687
3,10688
3,10689
3,10690
3,10691
3,10692
3,10694
3,10695
3,10696
0,10698
1,10699
3,10700
3,10702
3,10703
3,10704
3,10705
3,10707
3,10708
3,10709
3,10710
3,10711
3,10712
3,10713
3,10715
3,10716
3,10717
3,10718
3,10720
0,10722
3,10723
3,10724
3,10725
3,10726
3,10727
3,10728
1,10729
1,10730
1,10731
3,10733
3,10734
3,10735
3,10736
3,10737
3,10738
3,10739
3,10740
1,10741
1,10742
1,10743
3,10744
3,10745
3,10746
3,10747
3,10748
3,10749
3,10750
3,10751
3,10752
0,10753
3,10756
3,10757
3,10758
3,10759
3,10760
3,10761
3,10762
3,10763
1,10764
1,10765
3,10766
3,10767
3,10768
3,10770
3,10771
3,10772
3,10773
1,10774
1,10775
3,10776
3,10777
3,10778
3,10779
3,10780
3,10781
3,10782
3,10783
3,10784
3,10785
3,10786
3,10787
3,10788
3,10789
3,10790
3,10791
3,10792
1,10793
1,10794
3,10795
3,10796
3,10797
3,10798
3,10799
3,10800
3,10801
3,10802
3,10803
3,10805
3,10806
3,10807
3,10808
3,10809
1,10810
1,10811
1,10812
3,10813
3,10814
3,10815
3,10816
3,10817
3,10818
0,10819
1,10820
3,10822
3,10823
3,10825
3,10826
3,10827
3,10828
3,10829
1,10830
1,10831
1,10832
1,10833
1,10834
1,10835
1,10836
1,10837
1,10838
3,10840
3,10841
3,10842
3,10843
3,10844
3,10846
3,10847
3,10848
3,10849
3,10850
3,10851
1,10852
3,10853
3,10854
3,10855
3,10857
3,10858
1,10859
1,10860
3,10861
3,10862
3,10864
3,10865
3,10866
1,10867
3,10868
3,10869
3,10870
1,10871
1,10872
1,10873
3,10875
3,10876
3,10877
3,10879
1,10880
3,10881
3,10882
0,10885
3,10886
3,10887
3,10888
3,10890
3,10891
3,10892
1,10893
3,10895
3,10896
3,10898
3,10899
3,10900
3,10901
1,10902
3,10903
3,10904
3,10905
3,10906
1,10907
0,10908
0,10909
3,10910
3,10912
3,10913
1,10914
3,10915
3,10916
0,10917
3,10918
3,10919
3,10920
3,10921
3,10922
1,10923
1,10924
1,10925
3,10926
3,10927
0,10929
3,10930
3,10932
3,10934
3,10935
3,10936
3,10937
3,10938
3,10939
3,10940
1,10941
1,10942
3,10943
3,10944
3,10945
3,10946
3,10947
1,10948
1,10949
3,10950
3,10951
3,10952
3,10953
3,10954
3,10955
3,10956
3,10957
3,10958
3,10959
3,10960
3,10961
1,10962
3,10963
3,10964
0,10965
3,10966
3,10967
3,10968
3,10969
3,10970
3,10971
3,10972
3,10973
3,10974
3,10975
3,10976
3,10977
3,10978
3,10979
3,10980
3,10981
3,10982
3,10983
3,10984
3,10985
3,10986
3,10987
3,10988
3,10989
3,10990
3,10991
3,10992
3,10994
3,10995
3,10996
3,10997
3,10998
3,10999
3,11000
3,11001
3,11002
3,11003
3,11004
3,11005
3,11006
3,11007
3,11008
3,11009
3,11010
3,11011
3,11012
3,11013
3,11014
3,11015
3,11016
3,11017
3,11018
3,11019
3,11020
3,11021
3,11022
3,11023
3,11025
3,11026
3,11027
3,11028
3,11029
0,11030
3,11031
3,11032
3,11034
3,11035
3,11037
3,11038
3,11039
3,11041
3,11042
3,11043
3,11044
0,11046
3,11047
3,11048
3,11049
3,11050
3,11051
3,11052
3,11053
3,11054
3,11055
3,11056
3,11057
3,11058
3,11059
3,11060
3,11061
3,11062
3,11063
3,11064
3,11065
3,11066
0,11067
3,11070
3,11071
3,11072
3,11073
3,11074
3,11075
3,11077
3,11078
3,11079
3,11080
3,11081
3,11083
3,11084
3,11086
3,11087
3,11088
3,11090
3,11091
3,11092
3,11093
3,11094
3,11095
3,11096
3,11097
3,11098
3,11099
3,11100
3,11101
3,11102
3,11103
3,11104
3,11105
3,11107
3,11109
3,11110
3,11111
3,11112
3,11113
3,11114
3,11115
3,11116
3,11117
3,11118
3,11119
3,11120
3,11121
3,11122
3,11123
3,11124
3,11125
3,11127
3,11128
3,11129
3,11130
0,11131
3,11132
3,11133
3,11134
3,11135
3,11136
3,11137
3,11138
3,11139
3,11140
3,11141
3,11142
3,11143
3,11144
3,11145
3,11146
3,11147
3,11148
3,11149
0,11150
3,11151
3,11152
3,11153
3,11154
3,11155
3,11157
3,11158
3,11159
3,11160
3,11161
3,11162
3,11163
3,11166
3,11167
3,11169
3,11170
3,11171
3,11172
3,11173
3,11174
3,11175
3,11176
3,11177
3,11178
3,11179
3,11180
3,11181
3,11183
3,11184
0,11186
3,11188
3,11189
3,11190
3,11191
3,11192
3,11193
3,11194
3,11195
3,11197
3,11198
3,11199
3,11200
3,11201
3,11202
3,11203
3,11205
3,11206
3,11207
3,11208
3,11209
3,11210
3,11211
3,11212
3,11213
3,11214
3,11215
3,11216
3,11217
3,11218
3,11219
3,11220
3,11221
3,11222
3,11223
3,11224
3,11226
3,11227
3,11228
3,11229
3,11230
3,11231
3,11232
3,11233
3,11234
3,11235
3,11236
3,11237
3,11239
3,11242
3,11243
3,11244
3,11245
3,11246
3,11247
3,11248
3,11249
3,11250
3,11251
3,11252
3,11253
3,11254
3,11255
3,11256
3,11257
3,11258
3,11259
3,11260
3,11261
3,11262
0,11263
3,11264
3,11265
3,11266
3,11267
3,11268
3,11269
3,11270
3,11271
3,11273
3,11274
3,11275
3,11277
3,11278
3,11279
3,11281
3,11282
3,11283
3,11284
3,11286
3,11287
3,11288
3,11289
3,11290
3,11291
3,11294
3,11295
3,11296
3,11297
3,11298
3,11299
3,11300
3,11301
3,11302
0,11303
3,11304
3,11305
3,11306
3,11307
3,11309
3,11310
3,11311
3,11312
3,11313
0,11314
3,11316
3,11318
3,11319
3,11320
3,11321
3,11323
3,11324
3,11325
3,11326
3,11328
3,11330
3,11331
3,11332
3,11333
3,11334
3,11335
3,11336
3,11337
3,11338
3,11339
3,11340
3,11341
3,11342
3,11343
3,11344
3,11345
3,11346
3,11348
3,11349
3,11350
3,11351
3,11353
3,11354
3,11355
3,11356
3,11357
3,11358
3,11359
3,11360
0,11361
3,11363
3,11364
3,11365
3,11366
3,11367
3,11368
3,11369
3,11370
3,11372
3,11374
3,11375
3,11376
3,11377
3,11378
3,11379
3,11380
3,11381
3,11382
3,11383
3,11384
3,11385
3,11387
3,11388
3,11389
3,11390
3,11391
3,11393
3,11394
3,11395
3,11396
3,11397
3,11398
3,11399
3,11400
3,11401
3,11403
3,11404
3,11405
3,11406
3,11407
3,11408
3,11409
3,11411
3,11413
3,11414
3,11415
3,11416
3,11417
3,11418
3,11419
3,11420
3,11421
3,11422
3,11423
3,11424
3,11425
3,11426
3,11427
3,11428
3,11429
3,11430
3,11431
3,11432
3,11433
3,11434
3,11435
3,11436
3,11437
3,11438
3,11439
3,11440
3,11441
3,11442
3,11443
3,11444
3,11445
3,11446
3,11447
3,11449
3,11450
3,11451
3,11452
3,11453
3,11455
3,11456
3,11457
3,11458
3,11460
3,11461
3,11463
3,11464
3,11465
3,11466
3,11467
3,11468
3,11469
3,11470
3,11471
3,11472
3,11473
3,11474
3,11475
3,11476
3,11477
3,11478
3,11479
3,11480
3,11481
0,11482
3,11484
3,11486
3,11488
3,11489
3,11490
3,11491
3,11493
3,11494
3,11495
3,11497
3,11498
3,11499
3,11502
3,11503
3,11504
3,11505
3,11506
0,11507
3,11508
3,11509
3,11510
3,11511
3,11512
3,11513
3,11515
3,11516
3,11517
3,11518
3,11519
3,11520
3,11521
3,11522
3,11523
3,11526
3,11527
3,11529
3,11530
3,11533
3,11534
3,11537
3,11538
3,11539
3,11540
3,11542
3,11544
3,11545
3,11546
3,11548
3,11550
3,11551
3,11553
3,11554
3,11555
3,11556
0,11557
3,11560
3,11561
3,11562
3,11564
3,11565
3,11567
3,11568
3,11569
3,11571
3,11572
3,11574
3,11575
3,11576
3,11580
3,11581
3,11584
3,11585
3,11586
3,11587
3,11588
3,11592
3,11593
3,11594
3,11596
3,11601
3,11602
3,11603
3,11604
3,11607
3,11608
3,11610
3,11611
3,11612
3,11613
3,11614
3,11615
3,11616
3,11617
3,11618
3,11622
3,11623
3,11625
3,11627
3,11628
3,11629
3,11633
3,11635
3,11636
3,11637
3,11638
3,11639
3,11641
3,11643
3,11644
3,11645
3,11646
3,11647
3,11648
3,11650
3,11651
3,11652
3,11653
3,11654
3,11655
3,11656
3,11658
3,11661
3,11662
3,11663
3,11664
3,11665
3,11666
3,11667
3,11668
3,11669
3,11670
3,11671
3,11672
3,11673
3,11677
3,11678
3,11679
3,11680
3,11684
3,11685
3,11686
3,11688
3,11691
3,11692
3,11694
3,11696
3,11697
0,11698
3,11699
3,11700
3,11703
3,11705
3,11706
3,11707
3,11709
3,11710
3,11712
3,11713
3,11714
3,11715
3,11716
3,11717
3,11720
3,11721
3,11722
3,11724
3,11725
3,11726
3,11727
3,11728
3,11729
1,11730
3,11731
3,11732
3,11734
3,11735
3,11738
3,11739
3,11740
3,11743
3,11744
3,11747
3,11748
3,11749
3,11750
3,11752
3,11753
3,11754
3,11755
3,11757
3,11758
3,11759
3,11760
3,11761
3,11762
3,11763
3,11764
3,11765
3,11766
3,11767
3,11768
3,11769
3,11770
3,11771
3,11772
3,11773
3,11774
3,11775
3,11776
3,11777
3,11778
3,11779
3,11780
3,11781
3,11782
3,11783
3,11784
3,11785
3,11786
3,11788
3,11789
3,11791
3,11792
3,11793
3,11794
3,11795
3,11796
3,11797
3,11798
3,11799
3,11800
3,11801
3,11802
3,11803
3,11804
3,11805
3,11806
3,11807
3,11808
3,11809
3,11810
3,11811
3,11812
3,11813
3,11814
3,11815
3,11816
3,11817
3,11819
3,11821
3,11822
3,11823
3,11824
3,11825
3,11827
3,11828
3,11829
3,11830
3,11831
3,11832
3,11833
3,11834
3,11835
3,11836
3,11837
3,11839
3,11840
3,11841
3,11842
3,11843
3,11844
3,11845
3,11846
3,11847
3,11848
3,11849
3,11850
3,11851
3,11852
3,11853
3,11855
3,11856
3,11857
3,11858
3,11860
3,11861
3,11862
3,11863
3,11864
3,11865
3,11866
3,11867
3,11868
3,11869
3,11870
3,11871
3,11872
3,11873
3,11874
3,11876
3,11877
3,11878
3,11879
3,11880
3,11881
3,11882
3,11883
3,11884
3,11885
3,11886
3,11887
3,11888
3,11889
3,11890
3,11891
3,11892
3,11893
3,11894
3,11895
3,11896
3,11897
3,11898
3,11900
3,11901
3,11902
3,11903
3,11904
3,11905
3,11907
3,11909
3,11910
3,11911
3,11912
3,11913
3,11914
3,11915
3,11916
3,11917
3,11918
3,11919
3,11920
3,11921
3,11922
3,11923
3,11924
3,11925
3,11926
3,11927
3,11928
3,11929
3,11931
3,11932
3,11933
3,11934
3,11935
3,11936
3,11937
3,11938
3,11939
3,11940
3,11941
3,11943
3,11944
3,11946
3,11947
3,11948
3,11949
3,11950
3,11951
3,11952
3,11953
3,11954
3,11955
3,11957
3,11958
3,11959
3,11960
3,11961
3,11964
3,11966
3,11967
3,11968
3,11969
3,11970
3,11971
3,11973
3,11974
3,11975
3,11978
3,11979
3,11980
3,11982
3,11983
3,11984
3,11985
3,11986
3,11987
3,11989
3,11990
3,11991
3,11992
3,11993
3,11994
3,11996
3,11997
3,11999
3,12000
3,12001
3,12002
3,12003
3,12005
3,12006
3,12007
3,12009
3,12011
3,12012
3,12013
3,12014
3,12016
3,12018
3,12019
3,12020
3,12021
3,12022
3,12023
3,12025
3,12026
3,12027
3,12028
3,12029
3,12030
3,12032
3,12034
3,12036
3,12037
3,12038
3,12039
3,12040
3,12041
3,12042
3,12043
3,12045
3,12046
3,12047
3,12048
3,12051
3,12052
3,12053
3,12054
3,12056
3,12057
3,12058
3,12059
3,12060
3,12061
3,12063
3,12064
3,12065
3,12066
3,12067
3,12068
3,12069
3,12071
3,12072
3,12074
3,12076
3,12077
3,12078
3,12080
3,12081
3,12082
3,12083
3,12084
3,12085
3,12086
3,12087
3,12089
3,12091
3,12094
3,12095
3,12097
3,12098
3,12099
3,12100
3,12101
3,12102
3,12103
3,12104
3,12106
3,12107
3,12108
3,12109
3,12110
3,12111
0,12112
3,12114
3,12115
3,12116
3,12117
3,12118
3,12119
3,12120
3,12121
3,12122
3,12123
3,12124
3,12126
3,12127
3,12128
3,12129
3,12130
3,12131
3,12133
3,12134
3,12135
3,12136
3,12137
3,12138
3,12139
3,12140
3,12141
3,12142
3,12143
3,12144
3,12145
3,12146
3,12147
3,12148
3,12149
3,12150
3,12151
3,12152
3,12176
3,12205
3,12241
3,12246
3,12254
3,12327
3,12331
3,12340
3,12389
3,12415
3,12419
3,12420
3,12422
3,12423
3,12424
3,12425
3,12426
3,12427
3,12428
3,12429
3,12430
3,12432
3,12435
3,12436
3,12437
3,12438
3,12439
3,12440
3,12441
3,12442
3,12443
3,12444
3,12445
3,12446
3,12448
3,12449
3,12450
3,12451
3,12452
3,12453
3,12455
3,12457
3,12459
3,12460
3,12462
3,12463
3,12464
3,12465
3,12466
3,12467
3,12468
